/* FASE 2: ENTIDADES Y ACTORES (Usuarios, Wallets, Roles) */
USE ArteCryptoAuctions;
GO

-- Data for [core].[User]
SET IDENTITY_INSERT [core].[User] ON;
INSERT INTO [core].[User] ([UserId], [FullName], [CreatedAtUtc]) VALUES
  (1, N'José Aguilar', N'2025-02-03 20:38:19.000'),
  (2, N'Gabriela Aguilar', N'2025-02-11 19:50:20.000'),
  (3, N'Luis Montes', N'2025-07-28 05:45:54.000'),
  (4, N'Lorena Ríos', N'2025-05-13 08:28:10.000'),
  (5, N'José González', N'2025-02-22 10:49:36.000'),
  (6, N'Sofía Ochoa', N'2025-05-10 15:12:28.000'),
  (7, N'Gabriel González', N'2025-01-01 15:34:14.000'),
  (8, N'Laura Vásquez', N'2025-08-21 02:01:50.000'),
  (9, N'Paola Flores', N'2025-01-03 13:28:12.000'),
  (10, N'María Peña', N'2025-02-09 15:03:04.000'),
  (11, N'Marco Vásquez', N'2025-09-17 02:10:42.000'),
  (12, N'Manuel Cruz', N'2025-01-09 05:56:01.000'),
  (13, N'Tomás León', N'2025-08-11 16:33:02.000'),
  (14, N'Teresa Campos', N'2025-07-02 06:07:29.000'),
  (15, N'Luis Castro', N'2025-05-14 09:17:57.000'),
  (16, N'Natalia Espinoza', N'2025-03-22 08:05:52.000'),
  (17, N'Raquel Mora', N'2025-08-08 08:26:54.000'),
  (18, N'María García', N'2025-06-04 15:50:54.000'),
  (19, N'Alejandra León', N'2025-09-23 23:08:43.000'),
  (20, N'Cristina Paredes', N'2025-07-22 04:25:39.000'),
  (21, N'Isabel Sandoval', N'2025-07-18 02:09:42.000'),
  (22, N'Luis Ruiz', N'2025-02-02 01:58:43.000'),
  (23, N'Beatriz Campos', N'2025-03-08 01:41:51.000'),
  (24, N'Ana Mejía', N'2025-08-04 05:33:09.000'),
  (25, N'Andrea Torres', N'2025-06-27 09:22:39.000'),
  (26, N'Fernanda Mejía', N'2025-01-07 08:00:15.000'),
  (27, N'Guillermo Vásquez', N'2025-09-02 00:20:37.000'),
  (28, N'Camila García', N'2025-05-17 16:04:23.000'),
  (29, N'Arturo Domínguez', N'2025-07-26 14:34:33.000'),
  (30, N'Mariana Ramírez', N'2025-09-06 02:03:19.000'),
  (31, N'Ramón Zamora', N'2025-09-02 15:56:20.000'),
  (32, N'Arturo Cárdenas', N'2025-07-07 21:26:59.000'),
  (33, N'Óscar Silva', N'2025-07-28 07:25:26.000'),
  (34, N'Claudia Montes', N'2025-06-29 03:35:27.000'),
  (35, N'Marco García', N'2025-02-22 07:45:08.000'),
  (36, N'Silvia Jiménez', N'2025-01-09 03:48:57.000'),
  (37, N'Daniel Cordero', N'2025-09-24 00:20:57.000'),
  (38, N'Emilio León', N'2025-09-04 07:48:36.000'),
  (39, N'Isabel Azurdia', N'2025-02-12 04:25:10.000'),
  (40, N'Alicia Flores', N'2025-07-18 04:31:47.000'),
  (41, N'Daniela Vásquez', N'2025-02-02 04:44:07.000'),
  (42, N'Laura García', N'2025-07-28 02:01:38.000'),
  (43, N'Paola Torres', N'2025-08-01 06:31:18.000'),
  (44, N'Carolina López', N'2025-05-06 05:31:33.000'),
  (45, N'Samuel Figueroa', N'2025-01-13 19:52:21.000'),
  (46, N'Lorena Ríos', N'2025-06-10 19:25:36.000'),
  (47, N'Elena López', N'2025-09-06 05:06:14.000'),
  (48, N'Sergio Fuentes', N'2025-01-25 22:49:14.000'),
  (49, N'Manuel Sandoval', N'2025-09-17 17:18:10.000'),
  (50, N'Mauricio Díaz', N'2025-09-01 16:55:49.000');
SET IDENTITY_INSERT [core].[User] OFF;
GO

-- Data for [core].[UserRole]
-- SET IDENTITY_INSERT [core].[UserRole] ON;
INSERT INTO [core].[UserRole] ([UserId], [RoleId], [AsignacionUtc]) VALUES
  (1, 4, N'2025-02-26 01:24:03.000'),
  (2, 3, N'2025-09-01 06:26:13.000'),
  (3, 3, N'2025-09-03 20:01:35.000'),
  (4, 4, N'2025-08-25 17:34:13.000'),
  (5, 3, N'2025-06-21 08:28:47.000'),
  (6, 3, N'2025-06-08 00:15:57.000'),
  (7, 3, N'2025-09-13 09:17:50.000'),
  (8, 3, N'2025-09-27 14:00:06.000'),
  (9, 4, N'2025-04-26 15:36:10.000'),
  (10, 2, N'2025-07-10 19:12:37.000'),
  (11, 2, N'2025-09-26 00:50:17.000'),
  (12, 2, N'2025-02-27 08:43:08.000'),
  (13, 1, N'2025-09-13 11:30:18.000'),
  (14, 3, N'2025-08-21 11:03:47.000'),
  (15, 3, N'2025-06-06 14:31:05.000'),
  (16, 2, N'2025-07-22 14:19:42.000'),
  (17, 3, N'2025-08-24 13:07:28.000'),
  (18, 1, N'2025-09-27 02:09:44.000'),
  (19, 2, N'2025-09-28 15:38:51.000'),
  (20, 2, N'2025-09-02 03:29:06.000'),
  (20, 3, N'2025-07-28 05:01:40.000'),
  (21, 2, N'2025-09-28 01:39:23.000'),
  (21, 3, N'2025-07-31 07:06:05.000'),
  (21, 4, N'2025-08-31 05:47:02.000'),
  (22, 3, N'2025-02-10 02:05:58.000'),
  (23, 4, N'2025-07-21 19:38:36.000'),
  (24, 2, N'2025-09-16 21:29:06.000'),
  (24, 3, N'2025-09-17 00:48:18.000'),
  (24, 4, N'2025-09-02 17:28:16.000'),
  (25, 3, N'2025-08-08 01:02:25.000'),
  (26, 3, N'2025-01-18 07:23:17.000'),
  (27, 2, N'2025-09-09 17:05:58.000'),
  (27, 3, N'2025-09-27 08:02:27.000'),
  (28, 3, N'2025-07-19 18:00:47.000'),
  (29, 2, N'2025-09-14 18:54:22.000'),
  (29, 3, N'2025-09-14 13:57:30.000'),
  (29, 4, N'2025-09-18 15:29:50.000'),
  (30, 2, N'2025-09-12 18:06:16.000'),
  (31, 3, N'2025-09-19 08:13:40.000'),
  (32, 2, N'2025-08-25 10:49:10.000'),
  (33, 4, N'2025-08-07 11:34:23.000'),
  (34, 3, N'2025-08-21 02:35:58.000'),
  (35, 3, N'2025-07-15 15:05:11.000'),
  (36, 4, N'2025-04-06 12:04:32.000'),
  (37, 3, N'2025-09-30 22:25:39.000'),
  (38, 4, N'2025-09-20 20:01:58.000'),
  (39, 2, N'2025-03-20 05:54:30.000'),
  (39, 3, N'2025-05-28 17:19:33.000'),
  (40, 2, N'2025-09-05 08:17:51.000'),
  (41, 3, N'2025-05-07 15:53:22.000'),
  (42, 2, N'2025-08-16 19:41:07.000'),
  (43, 2, N'2025-09-01 12:58:09.000'),
  (44, 2, N'2025-06-26 14:24:41.000'),
  (44, 3, N'2025-07-22 13:08:00.000'),
  (44, 4, N'2025-05-14 14:02:07.000'),
  (45, 2, N'2025-07-27 05:18:43.000'),
  (46, 3, N'2025-06-26 09:56:23.000'),
  (47, 3, N'2025-09-15 18:44:09.000'),
  (48, 3, N'2025-08-10 02:58:58.000'),
  (49, 3, N'2025-09-22 13:31:10.000'),
  (50, 3, N'2025-09-02 12:55:24.000');
SET IDENTITY_INSERT [core].[UserRole] OFF;
GO

-- Data for [core].[UserEmail]
SET IDENTITY_INSERT [core].[UserEmail] ON;
INSERT INTO [core].[UserEmail] ([EmailId], [UserId], [Email], [IsPrimary], [AddedAtUtc], [VerifiedAtUtc], [StatusCode]) VALUES
  (1, 1, N'jose.aguilar887@gmail.com', 1, N'2025-04-20 06:22:18.000', N'2025-06-11 08:30:22.000', N'ACTIVE'),
  (2, 2, N'gabriela.aguilar6017@uni.edu.gt', 1, N'2025-09-19 02:31:14.000', N'2025-09-21 21:46:59.000', N'ACTIVE'),
  (3, 3, N'luis.montes6891@gmail.com', 1, N'2025-08-05 12:03:44.000', N'2025-09-05 06:47:29.000', N'ACTIVE'),
  (4, 4, N'lorena.rios3316@yahoo.com', 1, N'2025-05-29 14:43:49.000', N'2025-08-03 20:34:39.000', N'ACTIVE'),
  (5, 4, N'lorena.rios513@outlook.com', 0, N'2025-08-29 00:47:18.000', NULL, N'ACTIVE'),
  (6, 5, N'jose.gonzalez2779@yahoo.com', 1, N'2025-09-19 06:23:10.000', N'2025-09-20 21:15:40.000', N'ACTIVE'),
  (7, 5, N'jose.gonzalez4025@outlook.com', 0, N'2025-09-17 21:46:37.000', NULL, N'INACTIVE'),
  (8, 6, N'sofia.ochoa363@yahoo.com', 1, N'2025-06-05 22:25:54.000', N'2025-09-07 21:50:39.000', N'ACTIVE'),
  (9, 7, N'gabriel.gonzalez9873@uni.edu.gt', 1, N'2025-07-11 20:01:02.000', N'2025-09-20 18:20:46.000', N'ACTIVE'),
  (10, 7, N'gabriel.gonzalez7118@gmail.com', 0, N'2025-06-05 08:31:07.000', NULL, N'INACTIVE'),
  (11, 8, N'laura.vasquez9930@uni.edu.gt', 1, N'2025-09-27 19:14:53.000', N'2025-09-27 23:21:30.000', N'ACTIVE'),
  (12, 9, N'paola.flores7782@gmail.com', 1, N'2025-04-13 07:30:06.000', N'2025-08-29 21:52:46.000', N'ACTIVE'),
  (13, 10, N'maria.pea3347@yahoo.com', 1, N'2025-09-22 01:52:52.000', N'2025-09-27 23:28:25.000', N'ACTIVE'),
  (14, 11, N'marco.vasquez1582@gmail.com', 0, N'2025-09-25 08:32:47.000', NULL, N'INACTIVE'),
  (15, 11, N'marco.vasquez610@yahoo.com', 1, N'2025-09-26 16:45:22.000', N'2025-09-28 01:24:01.000', N'ACTIVE'),
  (16, 12, N'manuel.cruz2418@yahoo.com', 1, N'2025-07-22 21:59:33.000', NULL, N'ACTIVE'),
  (17, 13, N'tomas.leon1881@uni.edu.gt', 1, N'2025-08-23 22:23:57.000', NULL, N'INACTIVE'),
  (18, 14, N'teresa.campos9787@outlook.com', 1, N'2025-08-30 10:56:50.000', N'2025-09-30 06:31:21.000', N'ACTIVE'),
  (19, 15, N'luis.castro2750@outlook.com', 1, N'2025-05-15 13:04:39.000', N'2025-09-09 06:51:36.000', N'ACTIVE'),
  (20, 15, N'luis.castro6847@uni.edu.gt', 0, N'2025-09-09 16:10:48.000', N'2025-09-21 16:13:56.000', N'ACTIVE'),
  (21, 16, N'natalia.espinoza4399@yahoo.com', 0, N'2025-05-28 00:25:56.000', N'2025-09-18 12:58:36.000', N'ACTIVE'),
  (22, 16, N'natalia.espinoza7732@uni.edu.gt', 1, N'2025-04-15 02:07:59.000', NULL, N'INACTIVE'),
  (23, 17, N'raquel.mora740@gmail.com', 1, N'2025-08-13 10:37:53.000', N'2025-09-17 10:59:48.000', N'ACTIVE'),
  (24, 18, N'maria.garcia1000@outlook.com', 1, N'2025-09-02 03:09:09.000', N'2025-09-19 16:43:40.000', N'ACTIVE'),
  (25, 19, N'alejandra.leon8050@yahoo.com', 1, N'2025-09-29 01:42:03.000', N'2025-09-30 00:40:31.000', N'ACTIVE'),
  (26, 20, N'cristina.paredes3209@gmail.com', 1, N'2025-08-26 00:11:25.000', N'2025-09-05 12:32:27.000', N'ACTIVE'),
  (27, 20, N'cristina.paredes2793@outlook.com', 0, N'2025-09-03 18:46:56.000', N'2025-09-20 10:26:41.000', N'ACTIVE'),
  (28, 21, N'isabel.sandoval5223@gmail.com', 1, N'2025-09-29 06:26:32.000', N'2025-09-29 20:27:26.000', N'ACTIVE'),
  (29, 22, N'luis.ruiz4242@gmail.com', 1, N'2025-04-13 06:00:05.000', N'2025-06-26 11:59:44.000', N'ACTIVE'),
  (30, 23, N'beatriz.campos5421@outlook.com', 1, N'2025-04-01 07:42:03.000', NULL, N'INACTIVE'),
  (31, 24, N'ana.mejia483@yahoo.com', 1, N'2025-09-13 11:56:14.000', N'2025-09-22 14:35:08.000', N'ACTIVE'),
  (32, 24, N'ana.mejia4162@uni.edu.gt', 0, N'2025-09-21 19:44:35.000', N'2025-09-25 01:04:10.000', N'ACTIVE'),
  (33, 25, N'andrea.torres4078@yahoo.com', 0, N'2025-09-15 21:55:15.000', N'2025-09-20 03:47:42.000', N'ACTIVE'),
  (34, 25, N'andrea.torres7921@gmail.com', 1, N'2025-09-18 12:46:28.000', N'2025-09-27 16:02:45.000', N'ACTIVE'),
  (35, 26, N'fernanda.mejia6980@outlook.com', 1, N'2025-05-30 10:50:00.000', NULL, N'ACTIVE'),
  (36, 26, N'fernanda.mejia8309@outlook.com', 0, N'2025-02-03 04:36:53.000', N'2025-05-29 02:35:35.000', N'ACTIVE'),
  (37, 27, N'guillermo.vasquez6582@uni.edu.gt', 1, N'2025-09-07 22:51:52.000', N'2025-09-29 23:56:12.000', N'ACTIVE'),
  (38, 27, N'guillermo.vasquez6555@gmail.com', 0, N'2025-09-14 21:34:32.000', NULL, N'ACTIVE'),
  (39, 28, N'camila.garcia812@uni.edu.gt', 0, N'2025-08-23 07:25:43.000', N'2025-09-21 16:49:50.000', N'ACTIVE'),
  (40, 28, N'camila.garcia756@yahoo.com', 1, N'2025-07-19 05:47:32.000', NULL, N'INACTIVE'),
  (41, 29, N'arturo.dominguez3891@uni.edu.gt', 1, N'2025-07-31 22:31:44.000', N'2025-09-06 21:21:23.000', N'ACTIVE'),
  (42, 30, N'mariana.ramirez8759@uni.edu.gt', 1, N'2025-09-08 14:10:41.000', N'2025-09-22 19:31:46.000', N'ACTIVE'),
  (43, 31, N'ramon.zamora49@outlook.com', 1, N'2025-09-21 12:28:43.000', NULL, N'INACTIVE'),
  (44, 32, N'arturo.cardenas4061@yahoo.com', 0, N'2025-08-05 21:02:16.000', N'2025-08-16 07:27:05.000', N'ACTIVE'),
  (45, 32, N'arturo.cardenas6550@yahoo.com', 1, N'2025-08-22 02:15:19.000', N'2025-09-18 22:27:59.000', N'ACTIVE'),
  (46, 33, N'oscar.silva9802@uni.edu.gt', 0, N'2025-08-28 20:01:06.000', N'2025-09-09 14:45:07.000', N'ACTIVE'),
  (47, 33, N'oscar.silva4720@yahoo.com', 1, N'2025-09-29 02:39:38.000', N'2025-09-30 11:05:42.000', N'ACTIVE'),
  (48, 34, N'claudia.montes6470@gmail.com', 1, N'2025-07-24 23:12:57.000', N'2025-09-05 14:40:35.000', N'ACTIVE'),
  (49, 35, N'marco.garcia8790@yahoo.com', 1, N'2025-09-28 21:06:58.000', N'2025-09-30 14:43:58.000', N'ACTIVE'),
  (50, 36, N'silvia.jimenez8202@yahoo.com', 1, N'2025-05-22 18:37:32.000', N'2025-07-10 00:18:55.000', N'ACTIVE'),
  (51, 37, N'daniel.cordero7721@yahoo.com', 0, N'2025-09-29 13:01:08.000', N'2025-09-30 07:15:34.000', N'ACTIVE'),
  (52, 37, N'daniel.cordero135@yahoo.com', 1, N'2025-09-30 23:49:04.000', N'2025-09-30 23:53:45.000', N'ACTIVE'),
  (53, 38, N'emilio.leon7061@outlook.com', 0, N'2025-09-20 16:39:04.000', N'2025-09-21 06:51:21.000', N'ACTIVE'),
  (54, 38, N'emilio.leon7139@uni.edu.gt', 1, N'2025-09-13 04:05:42.000', NULL, N'INACTIVE'),
  (55, 39, N'isabel.azurdia2771@yahoo.com', 1, N'2025-04-01 02:01:32.000', N'2025-04-04 22:49:23.000', N'ACTIVE'),
  (56, 40, N'alicia.flores4371@yahoo.com', 1, N'2025-08-28 18:07:17.000', N'2025-09-29 19:18:56.000', N'ACTIVE'),
  (57, 41, N'daniela.vasquez2419@gmail.com', 0, N'2025-08-14 00:03:40.000', N'2025-09-18 14:57:23.000', N'ACTIVE'),
  (58, 41, N'daniela.vasquez9088@gmail.com', 1, N'2025-03-25 10:02:00.000', N'2025-06-26 02:30:50.000', N'ACTIVE'),
  (59, 42, N'laura.garcia8849@uni.edu.gt', 1, N'2025-09-18 00:54:49.000', N'2025-09-19 01:49:23.000', N'ACTIVE'),
  (60, 42, N'laura.garcia7350@uni.edu.gt', 0, N'2025-09-11 17:55:27.000', N'2025-09-24 21:36:39.000', N'ACTIVE'),
  (61, 43, N'paola.torres2254@outlook.com', 0, N'2025-08-15 00:21:40.000', N'2025-08-30 19:59:36.000', N'ACTIVE'),
  (62, 43, N'paola.torres8279@outlook.com', 1, N'2025-09-06 04:10:25.000', NULL, N'INACTIVE'),
  (63, 44, N'carolina.lopez4929@yahoo.com', 1, N'2025-06-18 02:47:38.000', N'2025-06-24 08:38:28.000', N'ACTIVE'),
  (64, 45, N'samuel.figueroa6186@gmail.com', 1, N'2025-07-12 19:07:56.000', N'2025-08-30 17:48:29.000', N'ACTIVE'),
  (65, 46, N'lorena.rios8197@uni.edu.gt', 0, N'2025-08-05 20:54:50.000', N'2025-08-07 05:23:29.000', N'ACTIVE'),
  (66, 46, N'lorena.rios438@gmail.com', 1, N'2025-08-12 01:38:23.000', N'2025-09-18 14:15:07.000', N'ACTIVE'),
  (67, 47, N'elena.lopez7737@outlook.com', 1, N'2025-09-17 06:15:01.000', N'2025-09-18 18:44:17.000', N'ACTIVE'),
  (68, 47, N'elena.lopez4872@yahoo.com', 0, N'2025-09-18 12:17:31.000', N'2025-09-25 10:22:13.000', N'ACTIVE'),
  (69, 48, N'sergio.fuentes5922@yahoo.com', 1, N'2025-04-01 04:53:02.000', N'2025-06-20 23:50:55.000', N'ACTIVE'),
  (70, 49, N'manuel.sandoval1658@uni.edu.gt', 1, N'2025-09-26 09:38:05.000', NULL, N'INACTIVE'),
  (71, 49, N'manuel.sandoval8452@gmail.com', 0, N'2025-09-28 00:52:10.000', N'2025-09-28 04:01:48.000', N'ACTIVE'),
  (72, 50, N'mauricio.diaz3821@outlook.com', 0, N'2025-09-02 08:02:30.000', N'2025-09-26 10:52:00.000', N'ACTIVE'),
  (73, 50, N'mauricio.diaz5383@gmail.com', 1, N'2025-09-09 16:54:02.000', N'2025-09-14 12:23:03.000', N'ACTIVE');
SET IDENTITY_INSERT [core].[UserEmail] OFF;
GO

-- Data for [core].[Wallet]
SET IDENTITY_INSERT [core].[Wallet] ON;
INSERT INTO [core].[Wallet] ([WalletId], [UserId], [BalanceETH], [ReservedETH], [UpdatedAtUtc]) VALUES
  (1, 1, 10.81788733, 0.48019567, N'2025-02-21 23:10:42.000'),
  (2, 2, 2.0820981, 0.74397513, N'2025-05-27 11:17:34.000'),
  (3, 3, 10.11175236, 2.38246107, N'2025-09-17 04:34:22.000'),
  (4, 4, 11.33449695, 2.37289832, N'2025-06-14 13:45:07.000'),
  (5, 5, 13.48959164, 0.95246674, N'2025-09-16 18:15:48.000'),
  (6, 6, 3.38354674, 2.26930682, N'2025-06-17 07:34:46.000'),
  (7, 7, 3.67520187, 2.09759842, N'2025-04-29 05:25:52.000'),
  (8, 8, 7.80842205, 1.85962252, N'2025-09-14 08:23:05.000'),
  (9, 9, 3.02371661, 2.17612221, N'2025-07-04 01:52:29.000'),
  (10, 10, 8.28455414, 1.09801982, N'2025-05-07 16:09:15.000'),
  (11, 11, 12.92035284, 1.91412338, N'2025-09-23 22:42:56.000'),
  (12, 12, 13.98477392, 0.57172908, N'2025-08-02 05:29:00.000'),
  (13, 13, 4.9260726, 0.12370949, N'2025-08-20 15:17:45.000'),
  (14, 14, 6.23300463, 1.84784382, N'2025-07-12 06:39:48.000'),
  (15, 15, 15.87800452, 0.99035381, N'2025-08-08 08:29:18.000'),
  (16, 16, 15.45893806, 2.31967242, N'2025-07-19 08:14:18.000'),
  (17, 17, 15.16470891, 1.8407133, N'2025-09-30 06:18:01.000'),
  (18, 18, 3.7549377, 1.12342068, N'2025-09-20 21:32:09.000'),
  (19, 19, 0.86779769, 0.46490681, N'2025-09-27 08:29:49.000'),
  (20, 20, 6.72285195, 0.49279379, N'2025-08-10 03:30:24.000'),
  (21, 21, 5.59519136, 0.60936323, N'2025-09-06 15:29:45.000'),
  (22, 22, 7.03402225, 1.21534797, N'2025-02-28 09:41:11.000'),
  (23, 23, 3.04344951, 0.60090531, N'2025-08-07 10:58:23.000'),
  (24, 24, 17.99893568, 2.26282424, N'2025-09-12 16:33:47.000'),
  (25, 25, 7.33905219, 0.2464285, N'2025-09-12 20:18:46.000'),
  (26, 26, 17.78212423, 0.81049721, N'2025-06-30 12:50:51.000'),
  (27, 27, 4.62424868, 0.60197526, N'2025-09-07 09:36:26.000'),
  (28, 28, 16.92027974, 0.77937222, N'2025-05-29 08:24:04.000'),
  (29, 29, 7.15437833, 2.1524481, N'2025-09-19 22:47:23.000'),
  (30, 30, 0.07427608, 0.03452814, N'2025-09-27 02:08:23.000'),
  (31, 31, 12.87625247, 0.69098767, N'2025-09-23 19:55:45.000'),
  (32, 32, 11.15923376, 0.17595657, N'2025-08-27 02:49:34.000'),
  (33, 33, 14.07373469, 0.71011561, N'2025-08-31 22:03:01.000'),
  (34, 34, 15.10940819, 0.05859662, N'2025-07-14 02:04:55.000'),
  (35, 35, 9.32138222, 1.53633527, N'2025-09-01 20:53:05.000'),
  (36, 36, 7.82100524, 0.51694612, N'2025-03-02 10:00:38.000'),
  (37, 37, 13.66961346, 1.00328692, N'2025-09-26 08:59:22.000'),
  (38, 38, 4.55600545, 1.65236107, N'2025-09-14 14:22:36.000'),
  (39, 39, 6.96272953, 2.95760135, N'2025-05-16 21:36:21.000'),
  (40, 40, 2.04090733, 0.34845199, N'2025-07-21 20:02:35.000'),
  (41, 41, 10.67793007, 2.86599634, N'2025-05-08 03:26:43.000'),
  (42, 42, 8.07741979, 0.96483817, N'2025-08-17 07:06:34.000'),
  (43, 43, 10.31857017, 0.78073586, N'2025-08-08 09:38:56.000'),
  (44, 44, 12.88218042, 1.29080572, N'2025-07-23 14:40:27.000'),
  (45, 45, 2.02063781, 0.39972069, N'2025-01-23 20:55:50.000'),
  (46, 46, 6.6013303, 2.64726916, N'2025-06-12 22:29:09.000'),
  (47, 47, 13.28966715, 0.1457757, N'2025-09-26 05:22:43.000'),
  (48, 48, 1.44701995, 1.001885, N'2025-05-30 23:19:33.000'),
  (49, 49, 1.53310953, 1.20340252, N'2025-09-30 23:54:40.000'),
  (50, 50, 4.99888854, 1.24497757, N'2025-09-03 03:49:27.000');
SET IDENTITY_INSERT [core].[Wallet] OFF;
GO
