/* FASE 3: SIMULACIÓN DE PROCESOS (NFTs, Subastas, Finanzas) */
USE ArteCryptoAuctions;
GO

-- Deshabilitando triggers 'INSTEAD OF INSERT' para carga masiva de NFTs
DISABLE TRIGGER nft.tr_NFT_InsertFlow ON nft.NFT;
GO
-- Data for [nft].[NFT]
SET IDENTITY_INSERT [nft].[NFT] ON;
INSERT INTO [nft].[NFT] ([NFTId], [ArtistId], [SettingsID], [CurrentOwnerId], [Name], [Description], [ContentType], [HashCode], [FileSizeBytes], [WidthPx], [HeightPx], [SuggestedPriceETH], [StatusCode], [CreatedAtUtc], [ApprovedAtUtc]) VALUES
  (1, 30, 1, 30, N'Obra #0001', N'Obra generada para dataset ArteCrypto (ID 1).', N'image/jpeg', N'6f2c0ae576676cfe002b430531bf3a04b22e1dd19d8500d455bd440f670bd60e', 7310757, 2735, 1973, 0.6764315457736109, N'APPROVED', N'2025-09-08 02:48:15.000', N'2025-09-30 13:27:53.000'),
  (2, 30, 1, 30, N'Obra #0002', N'Obra generada para dataset ArteCrypto (ID 2).', N'image/jpeg', N'a292a01dac023facbd0d7661f2939f19782d7eb82a01e4fdefaa4bbc23859ee3', 480629, 920, 1725, 2.368888777225974, N'PENDING', N'2025-09-18 01:17:07.000', NULL),
  (3, 19, 1, 19, N'Obra #0003', N'Obra generada para dataset ArteCrypto (ID 3).', N'image/png', N'c1d6b39758d029a96ce13905a765984a6141949e3c63b48271b60e32397161d8', 7215344, 3957, 3381, 3.0442987287865506, N'APPROVED', N'2025-09-29 06:02:29.000', N'2025-09-30 03:15:33.000'),
  (4, 45, 1, 41, N'Obra #0004', N'Obra generada para dataset ArteCrypto (ID 4).', N'image/jpeg', N'd7c379e8be981c0ce28481692a5216e31df28b5d373987441169420781bc26e2', 4732818, 3966, 3647, 4.815784136954011, N'APPROVED', N'2025-03-27 00:50:47.000', N'2025-05-25 02:26:58.000'),
  (5, 42, 1, 42, N'Obra #0005', N'Obra generada para dataset ArteCrypto (ID 5).', N'image/png', N'ee465cabb6fcc1e32c844dbe344f09ae8c0e553aaf2a549c409556f0c878859f', 3383342, 1468, 1415, 0.761404155915259, N'REJECTED', N'2025-08-08 00:40:57.000', NULL),
  (6, 27, 1, 27, N'Obra #0006', N'Obra generada para dataset ArteCrypto (ID 6).', N'image/png', N'b660415b93a298158253927fd43a794deb714abf61791f81c02f87146ad4b99f', 6317745, 3909, 1041, 1.4186137621418748, N'APPROVED', N'2025-09-15 17:32:09.000', N'2025-09-23 14:45:13.000'),
  (7, 12, 1, 20, N'Obra #0007', N'Obra generada para dataset ArteCrypto (ID 7).', N'image/png', N'8b46de3c1e1e618b93d17461921bbbc89360beb879279353728b63bc5b801ec6', 498686, 1007, 3816, 1.9342490769981124, N'APPROVED', N'2025-04-01 14:01:13.000', N'2025-07-10 16:24:07.000'),
  (8, 19, 1, 19, N'Obra #0008', N'Obra generada para dataset ArteCrypto (ID 8).', N'image/jpeg', N'9d3c6098b9061d18e37ba5b531ff6edef27263e60fa8a6ffe3d9109571b91372', 5122314, 2343, 3970, 3.2614730137239922, N'APPROVED', N'2025-09-24 06:42:30.000', N'2025-09-28 16:00:44.000'),
  (9, 12, 1, 12, N'Obra #0009', N'Obra generada para dataset ArteCrypto (ID 9).', N'image/jpeg', N'398b6450dbf0c1d2bc4d4523344c6203aaa2d4c14a5a183a47fba716f5a270e1', 3363135, 4071, 1147, 2.841839435977593, N'PENDING', N'2025-03-09 14:49:43.000', NULL),
  (10, 12, 1, 12, N'Obra #0010', N'Obra generada para dataset ArteCrypto (ID 10).', N'image/png', N'1409de5bbf20ea92e9913704e4818999dcaf7ce941f1567badfa2c308916a452', 4476114, 1630, 543, 0.187218762009497, N'REJECTED', N'2025-07-09 04:23:38.000', NULL),
  (11, 40, 1, 40, N'Obra #0011', N'Obra generada para dataset ArteCrypto (ID 11).', N'image/png', N'3378f807bbbcf77304cff735de5bc6f503ff7a6b0ca12242f98d9e8ba76847da', 6859659, 2069, 1147, 1.7937061900274052, N'APPROVED', N'2025-08-09 00:39:49.000', N'2025-09-18 06:01:31.000'),
  (12, 21, 1, 21, N'Obra #0012', N'Obra generada para dataset ArteCrypto (ID 12).', N'image/jpeg', N'2a485263b7ba745609f9a7807df82de07dc7a4164c979527bd8e025fb9056da2', 6209940, 1506, 2958, 4.349994563927237, N'APPROVED', N'2025-08-08 15:34:29.000', N'2025-09-27 05:15:00.000'),
  (13, 30, 1, 30, N'Obra #0013', N'Obra generada para dataset ArteCrypto (ID 13).', N'image/jpeg', N'b871c08903f5c92fcfc8d88f181b5acead8d55b2e27ef5705b7f0b46e1377ab1', 618841, 3558, 1738, 4.41426739110352, N'APPROVED', N'2025-09-27 04:24:16.000', N'2025-09-29 13:18:01.000'),
  (14, 45, 1, 45, N'Obra #0014', N'Obra generada para dataset ArteCrypto (ID 14).', N'image/png', N'cc4bcb3587e6a8fd7e619ccb733df7dc55e3aeb9b54fd0e95ebf05808aa57886', 5652359, 2279, 3410, 1.2519886503238513, N'APPROVED', N'2025-08-19 11:58:32.000', N'2025-08-28 16:07:39.000'),
  (15, 29, 1, 17, N'Obra #0015', N'Obra generada para dataset ArteCrypto (ID 15).', N'image/png', N'0e5a4f390483d3e4cc840ef8d1df4f186a1d979ed8d348a92d7ef55d707c1941', 6926729, 3523, 867, 2.760641821997637, N'APPROVED', N'2025-09-02 11:32:38.000', N'2025-09-06 05:20:07.000'),
  (16, 32, 1, 26, N'Obra #0016', N'Obra generada para dataset ArteCrypto (ID 16).', N'image/png', N'd3081b450a05b22d6727b5e5f18f779735d91989ffc06a010533da5d10f63dc0', 1002442, 3481, 1788, 4.633279668587094, N'APPROVED', N'2025-08-25 03:23:18.000', N'2025-08-27 05:00:52.000'),
  (17, 27, 1, 27, N'Obra #0017', N'Obra generada para dataset ArteCrypto (ID 17).', N'image/jpeg', N'89a36986b9f56c6b9cd9e8e540454a133d2fef6860327bedd57e80fbdd4c7161', 2726443, 595, 2085, 2.8328930546436606, N'APPROVED', N'2025-09-15 22:28:23.000', N'2025-09-19 07:34:34.000'),
  (18, 32, 1, 32, N'Obra #0018', N'Obra generada para dataset ArteCrypto (ID 18).', N'image/jpeg', N'a28b447e0df35e4933373a22b0656297286a55747dbefe4a3dc821e181b940b1', 4019670, 2406, 2959, 3.0545300059750544, N'APPROVED', N'2025-08-23 01:47:03.000', N'2025-09-27 13:43:05.000'),
  (19, 19, 1, 19, N'Obra #0019', N'Obra generada para dataset ArteCrypto (ID 19).', N'image/png', N'f0b493952812f61a80d7b041cb772d35adeb41c55baf3048be1d368f458b1cf7', 4605247, 890, 2911, 3.4180330855215764, N'APPROVED', N'2025-09-25 06:15:52.000', N'2025-09-26 00:36:41.000'),
  (20, 20, 1, 28, N'Obra #0020', N'Obra generada para dataset ArteCrypto (ID 20).', N'image/png', N'd0db765c94890e6eba56297148b3ee4dca5d02010052390375215d299af6f84e', 7994442, 2606, 2932, 3.7836992472992805, N'APPROVED', N'2025-08-03 00:43:06.000', N'2025-09-16 16:50:21.000'),
  (21, 20, 1, 20, N'Obra #0021', N'Obra generada para dataset ArteCrypto (ID 21).', N'image/png', N'e056696b9bf9fd4f5ce17f81e8de69d421e5db72cb67a39c7f5cb89a264f3610', 7460544, 1963, 3228, 3.7378179802550564, N'REJECTED', N'2025-08-25 10:42:21.000', NULL),
  (22, 32, 1, 32, N'Obra #0022', N'Obra generada para dataset ArteCrypto (ID 22).', N'image/jpeg', N'416e84d61860a6c7df762e14ff3d0c2e02234a44b804f322391abf936ee09605', 5733922, 2617, 1866, 1.8899475263947503, N'APPROVED', N'2025-08-30 11:14:14.000', N'2025-09-29 07:18:33.000'),
  (23, 11, 1, 11, N'Obra #0023', N'Obra generada para dataset ArteCrypto (ID 23).', N'image/jpeg', N'6a2b495f44addafc0df632bd8a2173f1c703afdaaf5a71381921acb32bbacd43', 7494037, 2865, 1914, 4.200716077285816, N'APPROVED', N'2025-09-17 12:19:39.000', N'2025-09-28 07:34:37.000'),
  (24, 19, 1, 19, N'Obra #0024', N'Obra generada para dataset ArteCrypto (ID 24).', N'image/jpeg', N'4e9d92cf271dd037b1fce66d49eaf8241f40f78653e000cc3ed655b0ff33e052', 535043, 1878, 3744, 4.317575103101535, N'PENDING', N'2025-09-30 06:51:37.000', NULL),
  (25, 39, 1, 39, N'Obra #0025', N'Obra generada para dataset ArteCrypto (ID 25).', N'image/png', N'29d797f6db2ab8df7855972e1c02158ad7349ee3c8fffdb61a0b5fe5c9533f64', 5738500, 1537, 3861, 0.18673975102251505, N'REJECTED', N'2025-06-29 06:40:29.000', NULL),
  (26, 39, 1, 39, N'Obra #0026', N'Obra generada para dataset ArteCrypto (ID 26).', N'image/jpeg', N'adf2c8475c09a1630239d91f82abd87d21be870170dce8c7a55996c42986c27f', 5953735, 3523, 2973, 4.752978696859813, N'REJECTED', N'2025-06-04 07:49:33.000', NULL),
  (27, 30, 1, 30, N'Obra #0027', N'Obra generada para dataset ArteCrypto (ID 27).', N'image/png', N'd5b1587caadde2a5a3b58d9c40143001f088ed1f880c9bb871ae8688cd6f2819', 5636395, 558, 3705, 4.474004285262471, N'PENDING', N'2025-09-23 16:44:22.000', NULL),
  (28, 40, 1, 44, N'Obra #0028', N'Obra generada para dataset ArteCrypto (ID 28).', N'image/jpeg', N'f8fd02e05020acaab44e78f7062c6baf53a86ff9c8ced6f59ccbcbb051e32ec0', 4940289, 2353, 3173, 1.6172661506926107, N'APPROVED', N'2025-08-07 21:43:33.000', N'2025-09-14 19:51:27.000'),
  (29, 45, 1, 7, N'Obra #0029', N'Obra generada para dataset ArteCrypto (ID 29).', N'image/png', N'bf4d276387aa8abfc01fb2d6c72d74cfb926282f74ba3290437dddae64cc092f', 3657997, 1531, 3379, 1.8839342364297567, N'APPROVED', N'2025-02-01 04:08:20.000', N'2025-03-14 05:35:07.000'),
  (30, 44, 1, 44, N'Obra #0030', N'Obra generada para dataset ArteCrypto (ID 30).', N'image/jpeg', N'565278f673bb0d40a55b6df8e70dbff47f5ba61d902f3f69699622a7a9bbdf73', 703155, 1023, 758, 2.0289729060842374, N'APPROVED', N'2025-08-12 23:24:03.000', N'2025-08-22 04:25:59.000'),
  (31, 20, 1, 20, N'Obra #0031', N'Obra generada para dataset ArteCrypto (ID 31).', N'image/jpeg', N'8b1de3dc54af67f4c91b96affdb15553402b71a06bc0106139454b5ac44ddbbe', 5300829, 1765, 2438, 2.2111780537372407, N'REJECTED', N'2025-09-17 17:48:20.000', NULL),
  (32, 32, 1, 17, N'Obra #0032', N'Obra generada para dataset ArteCrypto (ID 32).', N'image/png', N'a2726d3cc5a2d80ca45c2f950292d247c74cc8fd306b7f14f786e47e33df10c2', 4943338, 1333, 3772, 3.297131734682973, N'APPROVED', N'2025-09-10 09:41:44.000', N'2025-09-18 06:56:33.000'),
  (33, 24, 1, 24, N'Obra #0033', N'Obra generada para dataset ArteCrypto (ID 33).', N'image/png', N'18bfb96cfb41bdbc0e89273b6d466932f712033de2c93e16f686f901972731c3', 4485157, 1745, 1728, 3.291458137689708, N'APPROVED', N'2025-08-12 06:25:18.000', N'2025-09-01 06:19:21.000'),
  (34, 39, 1, 39, N'Obra #0034', N'Obra generada para dataset ArteCrypto (ID 34).', N'image/jpeg', N'90ad34fae91b0bb3c3e4d798cfef1f95a330546ab90fa3f349bb40f23ac1658b', 3001878, 1672, 3034, 1.378106138441707, N'APPROVED', N'2025-07-11 10:12:03.000', N'2025-07-28 21:09:26.000'),
  (35, 30, 1, 30, N'Obra #0035', N'Obra generada para dataset ArteCrypto (ID 35).', N'image/jpeg', N'1c886354e26414571e46144a0dda08cfcb1e99b7aee54b3e4c5f25a029d7fc1e', 7144236, 1216, 1595, 0.4662590208065712, N'APPROVED', N'2025-09-26 09:58:50.000', N'2025-09-27 04:21:07.000'),
  (36, 19, 1, 19, N'Obra #0036', N'Obra generada para dataset ArteCrypto (ID 36).', N'image/png', N'1a4fd1adfea59c1b24b167c9cb8c1e3b7ac298e7adc53c5fb230b0415bbc35af', 3923889, 1858, 3944, 0.9401969667385615, N'APPROVED', N'2025-09-29 17:32:48.000', N'2025-09-29 22:39:53.000'),
  (37, 11, 1, 26, N'Obra #0037', N'Obra generada para dataset ArteCrypto (ID 37).', N'image/jpeg', N'0548e09d85101a24b048c6c76ffa64fa3e2ec40835cb568f7d17b8f028ef828a', 403686, 1041, 2513, 3.2661198254815957, N'APPROVED', N'2025-09-17 05:16:28.000', N'2025-09-21 03:58:33.000'),
  (38, 45, 1, 45, N'Obra #0038', N'Obra generada para dataset ArteCrypto (ID 38).', N'image/png', N'13e33aa6591e3a141e081337d4a19ca6370bc6d552a0bcf17c3320316c6e1230', 4605743, 2385, 1977, 4.770128839432404, N'APPROVED', N'2025-02-16 08:18:30.000', N'2025-06-24 21:41:11.000'),
  (39, 42, 1, 47, N'Obra #0039', N'Obra generada para dataset ArteCrypto (ID 39).', N'image/jpeg', N'753b1968d4260396375f80cee11aa0844aff9b053c255a934a724f128ab7386a', 7736676, 737, 1309, 3.468940031787333, N'APPROVED', N'2025-07-31 05:16:15.000', N'2025-08-09 18:07:11.000'),
  (40, 27, 1, 27, N'Obra #0040', N'Obra generada para dataset ArteCrypto (ID 40).', N'image/jpeg', N'3967808c6dfce36cadba65f46a6090b981ae647b8b1e685d7f4ad576d580c16a', 6714760, 3384, 3939, 1.6218086796582372, N'REJECTED', N'2025-09-09 02:55:21.000', NULL),
  (41, 21, 1, 17, N'Obra #0041', N'Obra generada para dataset ArteCrypto (ID 41).', N'image/jpeg', N'00fecef6e0747a3ecc6bbd5e69e35fd3871007c1e98c3a4869b3086b2acdb93c', 6207594, 2247, 1268, 3.194218732904412, N'APPROVED', N'2025-08-08 08:38:19.000', N'2025-09-21 18:56:18.000'),
  (42, 16, 1, 15, N'Obra #0042', N'Obra generada para dataset ArteCrypto (ID 42).', N'image/png', N'2397a448d58cb29bf44735dcd636f653ea0d492ecbd26746972f57f93e4a991a', 3801375, 1498, 1868, 2.742876953644862, N'APPROVED', N'2025-06-13 21:00:00.000', N'2025-07-22 20:53:37.000'),
  (43, 42, 1, 42, N'Obra #0043', N'Obra generada para dataset ArteCrypto (ID 43).', N'image/png', N'4be2084cea5e4e7c56748518e53e8ac4b16aff2ffbf718474eee6de2cd283d58', 7766564, 2251, 3867, 3.8064154094001355, N'APPROVED', N'2025-09-30 06:58:51.000', N'2025-09-30 14:20:51.000'),
  (44, 12, 1, 28, N'Obra #0044', N'Obra generada para dataset ArteCrypto (ID 44).', N'image/jpeg', N'4874fe31d20c1723111837f8a004d77b15743b3609c5097e81aa3b9dfc7882a4', 806554, 3040, 2533, 0.19622877376056247, N'APPROVED', N'2025-02-01 09:40:59.000', N'2025-02-23 07:05:14.000'),
  (45, 30, 1, 30, N'Obra #0045', N'Obra generada para dataset ArteCrypto (ID 45).', N'image/jpeg', N'49e3ef9ac6733f6fa6f8c710341f3d4c14d01f2b9ff160db36ecb0503f974b17', 2874185, 788, 1340, 3.763562935325912, N'APPROVED', N'2025-09-13 10:47:44.000', N'2025-09-16 05:25:49.000'),
  (46, 39, 1, 22, N'Obra #0046', N'Obra generada para dataset ArteCrypto (ID 46).', N'image/jpeg', N'2e21f8d32cdf94ec81d0edf651391008c6c5f45fdfc3c0f31c5d2122c239afe6', 2304836, 1142, 3061, 1.4110236128832727, N'APPROVED', N'2025-08-10 08:22:10.000', N'2025-08-19 02:45:15.000'),
  (47, 29, 1, 29, N'Obra #0047', N'Obra generada para dataset ArteCrypto (ID 47).', N'image/jpeg', N'cdb93e7df0dd9c56ca9a75c61ec6e79af9457a674e7200a93f2ec91f5e9ab71a', 3201574, 1720, 2421, 1.4355315395231818, N'APPROVED', N'2025-08-08 15:35:12.000', N'2025-08-12 15:32:22.000'),
  (48, 44, 1, 6, N'Obra #0048', N'Obra generada para dataset ArteCrypto (ID 48).', N'image/png', N'bb1f30373126443452f99d7c2127e902547840fc6aed084285163342579d6b26', 3917932, 2632, 1848, 3.5596423685230536, N'APPROVED', N'2025-07-14 22:16:28.000', N'2025-08-26 14:19:26.000'),
  (49, 43, 1, 43, N'Obra #0049', N'Obra generada para dataset ArteCrypto (ID 49).', N'image/png', N'd3ad0e672db74649d17ad3134c9cc0ee8a6609d442c62c25b35d12a916aac977', 5407967, 2638, 1436, 4.8213325607940165, N'APPROVED', N'2025-08-21 07:21:00.000', N'2025-09-29 23:06:57.000'),
  (50, 43, 1, 8, N'Obra #0050', N'Obra generada para dataset ArteCrypto (ID 50).', N'image/png', N'ea97ee1c8b2ac1ee2d603ba0507a70c85bf0e89acbab2f6eca137be698252541', 7967726, 2735, 1021, 4.706553246596165, N'APPROVED', N'2025-08-24 11:45:43.000', N'2025-09-04 21:42:42.000'),
  (51, 21, 1, 21, N'Obra #0051', N'Obra generada para dataset ArteCrypto (ID 51).', N'image/jpeg', N'0c2039f2c1c38024e0d96b17d3f2f32cc3144c9faf03f780e9b94ce03dd427e0', 5252148, 1386, 850, 2.6210636394585003, N'REJECTED', N'2025-08-28 23:09:55.000', NULL),
  (52, 21, 1, 21, N'Obra #0052', N'Obra generada para dataset ArteCrypto (ID 52).', N'image/png', N'fda7a05991ed3207b2e7a38b71f70626861b097648de7380da36fc42ec1ac338', 5773233, 3744, 3336, 3.3165801414622167, N'APPROVED', N'2025-08-20 05:48:53.000', N'2025-09-21 20:16:08.000'),
  (53, 12, 1, 12, N'Obra #0053', N'Obra generada para dataset ArteCrypto (ID 53).', N'image/png', N'eaf6fc6cef348ce80235e6138d9568d25d9ffbe4d087051c74772b78f3a2c9e5', 2270286, 2035, 1446, 2.4515609196761, N'REJECTED', N'2025-03-05 18:51:03.000', NULL),
  (54, 29, 1, 2, N'Obra #0054', N'Obra generada para dataset ArteCrypto (ID 54).', N'image/jpeg', N'e3c47f2a24ee124b3af5651a2f02fd240638daa33d82a90d2b356519d6ede6a1', 5364991, 886, 3858, 4.83076891937052, N'APPROVED', N'2025-08-04 06:54:00.000', N'2025-08-05 05:07:59.000'),
  (55, 39, 1, 39, N'Obra #0055', N'Obra generada para dataset ArteCrypto (ID 55).', N'image/jpeg', N'fefa86abe41970108eef35db67bedf70d250fb7545a73ee5b998cf97e9c1ec14', 2161150, 1153, 551, 4.9274040946251985, N'APPROVED', N'2025-06-05 11:07:37.000', N'2025-08-08 00:50:14.000'),
  (56, 45, 1, 45, N'Obra #0056', N'Obra generada para dataset ArteCrypto (ID 56).', N'image/jpeg', N'aeffb25f9179017b40894029c76bcba195167ca5407a7eb207fe585f29d1c287', 3720280, 4085, 3277, 0.40854014792245485, N'REJECTED', N'2025-09-30 16:50:37.000', NULL),
  (57, 24, 1, 8, N'Obra #0057', N'Obra generada para dataset ArteCrypto (ID 57).', N'image/png', N'4238ed35552b54c62869f6ae0e9deebaa48cba15fcbfdda2e40220ef0d252ce5', 315366, 1372, 3537, 0.6418367314381982, N'APPROVED', N'2025-09-12 03:16:41.000', N'2025-09-20 12:34:42.000'),
  (58, 40, 1, 25, N'Obra #0058', N'Obra generada para dataset ArteCrypto (ID 58).', N'image/jpeg', N'b401422e4fd25fc182b50a7c8249f43a2961e1dc6842a1cc736274c36a1def35', 1392381, 1443, 3762, 2.2271891989304233, N'APPROVED', N'2025-08-09 09:54:41.000', N'2025-08-15 07:45:37.000'),
  (59, 42, 1, 42, N'Obra #0059', N'Obra generada para dataset ArteCrypto (ID 59).', N'image/png', N'58376cdfe21e5e5fb29d8eecd9af93978ec0c132a0e45aafc5e49cac5bda287b', 981380, 2406, 2770, 1.6604405157545594, N'REJECTED', N'2025-08-02 17:04:20.000', NULL),
  (60, 16, 1, 16, N'Obra #0060', N'Obra generada para dataset ArteCrypto (ID 60).', N'image/jpeg', N'7dd6414eb32ed938903b0656cd62129c66b04c4c64cf54c7edd95b7dc8f67526', 2447435, 3273, 2550, 0.28554167185422136, N'APPROVED', N'2025-07-07 04:03:34.000', N'2025-07-13 10:35:42.000'),
  (61, 10, 1, 10, N'Obra #0061', N'Obra generada para dataset ArteCrypto (ID 61).', N'image/png', N'ad280e0241bc2f8fe8960c0d863c455e25720cbf8165e5d1eff22bf1d52a0b14', 531173, 2639, 3311, 4.633646412144822, N'REJECTED', N'2025-03-24 11:23:04.000', NULL),
  (62, 10, 1, 28, N'Obra #0062', N'Obra generada para dataset ArteCrypto (ID 62).', N'image/jpeg', N'a5bc5fe62ec9f7c119c8cacfbf6d24d46f533b63a8aeaf117b23d8e9d72157af', 5864039, 1481, 3948, 4.057770752516364, N'APPROVED', N'2025-05-17 14:12:18.000', N'2025-07-12 12:41:56.000'),
  (63, 40, 1, 40, N'Obra #0063', N'Obra generada para dataset ArteCrypto (ID 63).', N'image/jpeg', N'952155fbeeb5cf6b6e6a7a3e6f549ede102598a4a62eb3e1830cd035be26732f', 1449708, 1959, 802, 1.7959957802673225, N'REJECTED', N'2025-08-09 22:53:30.000', NULL),
  (64, 43, 1, 29, N'Obra #0064', N'Obra generada para dataset ArteCrypto (ID 64).', N'image/jpeg', N'364478a8882edf64dac12e3d1e24913630a1b9f6e2e4b7f772a414d73311d715', 6874755, 1879, 1148, 0.22274561712458296, N'APPROVED', N'2025-08-13 10:03:33.000', N'2025-08-13 11:56:01.000'),
  (65, 30, 1, 30, N'Obra #0065', N'Obra generada para dataset ArteCrypto (ID 65).', N'image/png', N'e8903ee5cbccf3ee0d35c6673587590925ddfa5d68501605d13651a85981e2ee', 650166, 1799, 732, 1.4338001611138744, N'APPROVED', N'2025-09-18 20:46:42.000', N'2025-09-29 23:37:47.000'),
  (66, 10, 1, 10, N'Obra #0066', N'Obra generada para dataset ArteCrypto (ID 66).', N'image/png', N'486976eeba528c184ba93c02a3e7ed520bdc207883725dcc1f5f7793935137c7', 7254685, 1339, 2817, 4.792050900200351, N'REJECTED', N'2025-07-23 01:51:45.000', NULL),
  (67, 11, 1, 11, N'Obra #0067', N'Obra generada para dataset ArteCrypto (ID 67).', N'image/jpeg', N'615ac4cd0c1610086a9a7c8c6f314e1a4763905e9ccffe5bd0630205d5fbad4b', 5856053, 2416, 2028, 4.044334328488214, N'PENDING', N'2025-09-30 13:35:40.000', NULL),
  (68, 21, 1, 21, N'Obra #0068', N'Obra generada para dataset ArteCrypto (ID 68).', N'image/jpeg', N'4e924340bef08b860d0bde91fd3958d5cde2bc03750890065f8ce86e8ca675a9', 191787, 1961, 2689, 4.0979134864499445, N'REJECTED', N'2025-08-22 19:04:09.000', NULL),
  (69, 16, 1, 24, N'Obra #0069', N'Obra generada para dataset ArteCrypto (ID 69).', N'image/png', N'88990932aa3f3a87de6ef0b3591b2ea9e8c47e18a4b406c636e75026e7ebd41d', 730019, 3043, 1506, 0.9030090116200257, N'APPROVED', N'2025-06-02 07:16:11.000', N'2025-06-27 14:17:00.000'),
  (70, 12, 1, 21, N'Obra #0070', N'Obra generada para dataset ArteCrypto (ID 70).', N'image/png', N'b0561dd70cf8a9101616f74a3994eb690e155d4362e7425c6e7420943b371f67', 5753413, 2816, 975, 0.07394961298307502, N'APPROVED', N'2025-06-20 03:24:30.000', N'2025-06-26 14:14:01.000'),
  (71, 27, 1, 27, N'Obra #0071', N'Obra generada para dataset ArteCrypto (ID 71).', N'image/png', N'f7f064c82e9cade4a01c729e1702187012755239771e214d6e9f572addaaa708', 2385986, 1301, 965, 1.7857861699841564, N'APPROVED', N'2025-09-16 01:26:10.000', N'2025-09-24 13:14:29.000'),
  (72, 30, 1, 30, N'Obra #0072', N'Obra generada para dataset ArteCrypto (ID 72).', N'image/png', N'c10a95e42ed930c6671ed3e58257f4b48cf39c1e59465c838c60e8256ee3aaf9', 4084494, 1936, 1477, 4.5750566181850685, N'PENDING', N'2025-09-21 07:16:42.000', NULL),
  (73, 32, 1, 32, N'Obra #0073', N'Obra generada para dataset ArteCrypto (ID 73).', N'image/png', N'4ab1804d4a7f4adbd243c14d73742f6203900691b3055b4706d62210d161b207', 6515822, 2575, 3203, 1.069297617361564, N'PENDING', N'2025-09-12 21:48:24.000', NULL),
  (74, 43, 1, 3, N'Obra #0074', N'Obra generada para dataset ArteCrypto (ID 74).', N'image/png', N'47b7188d660f97f9b4362021d625655c1e7931044f08b2c84f6ed2d458300102', 5455968, 2747, 662, 4.1080091470742905, N'APPROVED', N'2025-08-01 14:10:47.000', N'2025-09-04 15:00:09.000'),
  (75, 27, 1, 27, N'Obra #0075', N'Obra generada para dataset ArteCrypto (ID 75).', N'image/png', N'084df368c14192d9022fb04377892379d2c0f7d52379cab8fefd63a9d94ca7c2', 2402236, 2872, 1635, 0.3893160027160929, N'PENDING', N'2025-09-26 14:17:55.000', NULL),
  (76, 21, 1, 21, N'Obra #0076', N'Obra generada para dataset ArteCrypto (ID 76).', N'image/jpeg', N'4fc49404819abcf2990bfb7336c1da8499e175de8701fbf69b573607a96304e0', 359038, 2689, 2916, 3.0814107879571364, N'APPROVED', N'2025-09-29 18:24:50.000', N'2025-09-29 18:31:09.000'),
  (77, 12, 1, 12, N'Obra #0077', N'Obra generada para dataset ArteCrypto (ID 77).', N'image/png', N'3ebc16af9f06b74915994a4141ed0c0faab9f315d5b9760e6afa3b670e75a04f', 6022015, 1049, 3916, 1.681423315592033, N'APPROVED', N'2025-09-17 08:43:12.000', N'2025-09-24 12:03:57.000'),
  (78, 12, 1, 6, N'Obra #0078', N'Obra generada para dataset ArteCrypto (ID 78).', N'image/png', N'3cfc1634cfac1390dc6ced4154f5df16ab9ff89215e6df252d587cf118b2b7bb', 3282937, 3149, 2889, 2.5703019556949247, N'APPROVED', N'2025-02-09 06:30:54.000', N'2025-07-06 06:35:58.000'),
  (79, 12, 1, 49, N'Obra #0079', N'Obra generada para dataset ArteCrypto (ID 79).', N'image/png', N'e5634d09b2a8d00ad280880a699c6931cc07f5b06b894c327308c1f2ac8e4cbb', 6205541, 1939, 4003, 2.9134916489075375, N'APPROVED', N'2025-03-21 13:47:54.000', N'2025-07-18 00:38:54.000'),
  (80, 27, 1, 27, N'Obra #0080', N'Obra generada para dataset ArteCrypto (ID 80).', N'image/jpeg', N'92c4bbb05fccc1a435a1dec05132888abc57d724d44c82b1a3e43f6251bda7ef', 7693637, 2865, 1880, 1.797679026731462, N'REJECTED', N'2025-09-17 19:44:27.000', NULL),
  (81, 12, 1, 12, N'Obra #0081', N'Obra generada para dataset ArteCrypto (ID 81).', N'image/png', N'a32b6efa7a7db7a381d231454603eee65e6ca53dc8e9dd1ac8d6f196f6326746', 3894090, 1567, 605, 1.1611295449504142, N'REJECTED', N'2025-06-30 23:00:27.000', NULL),
  (82, 40, 1, 40, N'Obra #0082', N'Obra generada para dataset ArteCrypto (ID 82).', N'image/jpeg', N'0115d3b79302641548b0477897c473a7acd5120a1b0a74bf9eb50d05fc6bf0e0', 4625431, 825, 2719, 4.304326627028438, N'APPROVED', N'2025-07-28 08:18:28.000', N'2025-09-24 05:51:25.000'),
  (83, 12, 1, 12, N'Obra #0083', N'Obra generada para dataset ArteCrypto (ID 83).', N'image/png', N'71f515b9444951f5bba1a8b053cc025c1a4a827a111a77163942569f81d335c6', 976781, 3760, 663, 3.4409296364410777, N'APPROVED', N'2025-08-04 15:37:08.000', N'2025-08-23 22:40:57.000'),
  (84, 27, 1, 27, N'Obra #0084', N'Obra generada para dataset ArteCrypto (ID 84).', N'image/jpeg', N'52b132e6f46f96ab8f9354685130629450fab5a365576152ae8df9f11f431aa9', 6562498, 2486, 1486, 4.453713548848481, N'REJECTED', N'2025-09-21 09:17:45.000', NULL),
  (85, 42, 1, 42, N'Obra #0085', N'Obra generada para dataset ArteCrypto (ID 85).', N'image/png', N'90c653fa49539027fabb069401221ee9ab9b0d6ab31f254be7dd3fa7de09f501', 3815660, 1236, 3637, 0.1878690077917673, N'REJECTED', N'2025-09-27 17:27:51.000', NULL),
  (86, 42, 1, 29, N'Obra #0086', N'Obra generada para dataset ArteCrypto (ID 86).', N'image/jpeg', N'd94e2fcb7ea5cf3b474b2fe0ba162f2966ff626e58163ee7c65abc544a2d6e9d', 2106757, 703, 2016, 1.4340010531135419, N'APPROVED', N'2025-08-03 22:33:24.000', N'2025-08-22 13:12:11.000'),
  (87, 30, 1, 47, N'Obra #0087', N'Obra generada para dataset ArteCrypto (ID 87).', N'image/jpeg', N'4cd29d8c685a8b2aedadf18c73c533f53d4b5f703816295b96941e8e48c325ea', 7060485, 1177, 575, 2.0764758883133636, N'APPROVED', N'2025-09-16 01:17:48.000', N'2025-09-24 18:00:08.000'),
  (88, 12, 1, 3, N'Obra #0088', N'Obra generada para dataset ArteCrypto (ID 88).', N'image/png', N'548f0243b44fc3ab700edcce9e90afc9d0267c0abdc8cda99230fa747f17baa3', 2424557, 2766, 1623, 3.703484272382924, N'APPROVED', N'2025-06-24 05:19:22.000', N'2025-09-25 14:19:14.000'),
  (89, 20, 1, 24, N'Obra #0089', N'Obra generada para dataset ArteCrypto (ID 89).', N'image/png', N'f503437096fb8f959b1e3080fb96230217463ae0b4115c381f21bae1b9161f84', 4366624, 2329, 976, 4.802113114669448, N'APPROVED', N'2025-08-18 16:33:48.000', N'2025-09-19 09:55:37.000'),
  (90, 39, 1, 39, N'Obra #0090', N'Obra generada para dataset ArteCrypto (ID 90).', N'image/png', N'f04a827edec2987f4551680b9edc6a41d622fe36e836e0f084fb54f7398927b9', 754265, 2958, 3336, 4.555158236499372, N'PENDING', N'2025-09-14 21:07:41.000', NULL),
  (91, 32, 1, 49, N'Obra #0091', N'Obra generada para dataset ArteCrypto (ID 91).', N'image/jpeg', N'2d622b9345727aaed6949ada496cec3ecbdd0b68c4cf67cdd5393755518ce928', 3150633, 3652, 1853, 3.553123225496179, N'APPROVED', N'2025-08-29 18:38:19.000', N'2025-09-06 16:57:42.000'),
  (92, 20, 1, 6, N'Obra #0092', N'Obra generada para dataset ArteCrypto (ID 92).', N'image/png', N'a595256a90b7f0ebc66a3688055a4ea73f0f7b39b80b01c1c69382fe4814cad4', 1926839, 1738, 1801, 1.9733687462403044, N'APPROVED', N'2025-08-28 18:52:37.000', N'2025-08-30 02:00:07.000'),
  (93, 44, 1, 29, N'Obra #0093', N'Obra generada para dataset ArteCrypto (ID 93).', N'image/jpeg', N'41ac41877bd13641518df0af97dfa67ea319a34fa2a81cd2a1b31d7d38fa078b', 4964900, 3185, 1314, 3.7924150998618864, N'APPROVED', N'2025-06-25 18:54:39.000', N'2025-07-01 19:55:47.000'),
  (94, 24, 1, 24, N'Obra #0094', N'Obra generada para dataset ArteCrypto (ID 94).', N'image/png', N'43b9162da8bf2e2a2fbf089f4b5ddabf35b89a81ac7980e0b599b142079f6615', 1540300, 3282, 945, 0.2999827877826733, N'REJECTED', N'2025-08-19 21:32:17.000', NULL),
  (95, 16, 1, 14, N'Obra #0095', N'Obra generada para dataset ArteCrypto (ID 95).', N'image/png', N'bdd0f5cde43269bdab5f7285890034b6fb8ef54c341b2f738c8aafa9f54685ea', 6112695, 1661, 2193, 4.090149647534504, N'APPROVED', N'2025-08-20 19:37:34.000', N'2025-08-30 04:06:33.000'),
  (96, 42, 1, 41, N'Obra #0096', N'Obra generada para dataset ArteCrypto (ID 96).', N'image/jpeg', N'75679f0afb0deee03a410de6e3fbb3fc2eaf5d26cf4b92c39b2748f7f4561689', 5786072, 1598, 1590, 1.4457298751164795, N'APPROVED', N'2025-09-01 13:45:02.000', N'2025-09-10 12:07:44.000'),
  (97, 39, 1, 39, N'Obra #0097', N'Obra generada para dataset ArteCrypto (ID 97).', N'image/png', N'46e1e9b8440aafbd2ec0717ce679d9dab23a156bee773883d06db25c819f1884', 2648989, 3608, 2824, 2.3872974056899476, N'APPROVED', N'2025-03-23 08:04:03.000', N'2025-04-18 19:39:26.000'),
  (98, 42, 1, 8, N'Obra #0098', N'Obra generada para dataset ArteCrypto (ID 98).', N'image/png', N'1e55a9d383ac66447224a16dcccb3792eac1a3fafe39cec591f87240d73c16ae', 1490897, 594, 1055, 0.8005084039169947, N'APPROVED', N'2025-09-24 19:03:52.000', N'2025-09-26 00:35:52.000'),
  (99, 10, 1, 10, N'Obra #0099', N'Obra generada para dataset ArteCrypto (ID 99).', N'image/png', N'3a14ad656dd92bc92352e0a3f411da1ee48d9f0407886184ba106e751ae05df2', 3202137, 2131, 848, 3.7679582797697746, N'PENDING', N'2025-05-25 15:49:51.000', NULL),
  (100, 11, 1, 11, N'Obra #0100', N'Obra generada para dataset ArteCrypto (ID 100).', N'image/jpeg', N'ca1e2d45cfc017f2aa144d17dc3ee2cc79a72b6b50a2411c0339c2f57c654a29', 2090875, 549, 3590, 2.4619926229206524, N'REJECTED', N'2025-09-20 00:48:53.000', NULL);
SET IDENTITY_INSERT [nft].[NFT] OFF;
GO

-- Rehabilitando triggers
ENABLE TRIGGER nft.tr_NFT_InsertFlow ON nft.NFT;
GO

-- Data for [admin].[CurationReview]
SET IDENTITY_INSERT [admin].[CurationReview] ON;
INSERT INTO [admin].[CurationReview] ([ReviewId], [NFTId], [CuratorId], [DecisionCode], [Comment], [StartedAtUtc], [ReviewedAtUtc]) VALUES
  (1, 1, 36, N'APPROVED', N'Revisión automática - Decisión: APPROVED', N'2025-09-29 18:52:34.000', N'2025-09-29 21:33:19.000'),
  (2, 2, 1, N'REJECTED', N'Revisión automática - Decisión: REJECTED', N'2025-09-26 19:38:50.000', N'2025-09-27 03:54:59.000'),
  (3, 3, 33, N'APPROVED', N'Revisión automática - Decisión: APPROVED', N'2025-09-30 00:35:56.000', N'2025-09-30 13:44:52.000'),
  (4, 4, 36, N'APPROVED', N'Revisión automática - Decisión: APPROVED', N'2025-04-21 07:06:54.000', N'2025-06-09 05:51:16.000'),
  (5, 5, 38, N'REJECTED', N'Revisión automática - Decisión: REJECTED', N'2025-09-16 21:47:38.000', N'2025-09-19 03:50:02.000'),
  (6, 6, 44, N'APPROVED', N'Revisión automática - Decisión: APPROVED', N'2025-09-30 19:20:24.000', N'2025-09-30 21:42:23.000'),
  (7, 7, 4, N'APPROVED', N'Revisión automática - Decisión: APPROVED', N'2025-07-11 10:41:26.000', N'2025-09-26 09:09:52.000'),
  (8, 8, 21, N'APPROVED', N'Revisión automática - Decisión: APPROVED', N'2025-09-30 23:59:23.000', N'2025-09-30 23:59:30.000'),
  (9, 9, 38, N'APPROVED', N'Revisión automática - Decisión: APPROVED', N'2025-04-25 14:11:43.000', N'2025-06-28 15:07:30.000'),
  (10, 10, 4, N'REJECTED', N'Revisión automática - Decisión: REJECTED', N'2025-08-06 00:54:58.000', N'2025-09-04 23:34:06.000'),
  (11, 11, 23, N'APPROVED', N'Revisión automática - Decisión: APPROVED', N'2025-09-20 16:47:27.000', N'2025-09-23 13:13:58.000'),
  (12, 12, 23, N'APPROVED', N'Revisión automática - Decisión: APPROVED', N'2025-08-09 04:02:34.000', N'2025-08-18 06:04:27.000'),
  (13, 13, 29, N'APPROVED', N'Revisión automática - Decisión: APPROVED', N'2025-09-27 20:53:49.000', N'2025-09-28 11:35:43.000'),
  (14, 14, 33, N'APPROVED', N'Revisión automática - Decisión: APPROVED', N'2025-09-25 18:00:10.000', N'2025-09-28 10:13:11.000'),
  (15, 15, 4, N'APPROVED', N'Revisión automática - Decisión: APPROVED', N'2025-09-21 07:53:47.000', N'2025-09-25 16:23:43.000'),
  (16, 16, 36, N'APPROVED', N'Revisión automática - Decisión: APPROVED', N'2025-09-26 20:45:28.000', N'2025-09-27 23:00:54.000'),
  (17, 17, 23, N'APPROVED', N'Revisión automática - Decisión: APPROVED', N'2025-09-19 03:32:45.000', N'2025-09-23 20:23:20.000'),
  (18, 18, 21, N'APPROVED', N'Revisión automática - Decisión: APPROVED', N'2025-08-23 02:11:24.000', N'2025-09-12 06:07:07.000'),
  (19, 19, 33, N'APPROVED', N'Revisión automática - Decisión: APPROVED', N'2025-09-26 12:47:52.000', N'2025-09-27 23:44:51.000'),
  (20, 20, 1, N'APPROVED', N'Revisión automática - Decisión: APPROVED', N'2025-08-03 10:40:29.000', N'2025-09-12 22:50:23.000'),
  (21, 21, 21, N'REJECTED', N'Revisión automática - Decisión: REJECTED', N'2025-08-31 17:45:00.000', N'2025-09-04 19:26:55.000'),
  (22, 22, 1, N'APPROVED', N'Revisión automática - Decisión: APPROVED', N'2025-09-07 22:43:16.000', N'2025-09-20 23:02:16.000'),
  (23, 23, 1, N'APPROVED', N'Revisión automática - Decisión: APPROVED', N'2025-09-23 23:40:51.000', N'2025-09-29 02:23:38.000'),
  (24, 24, 9, N'APPROVED', N'Revisión automática - Decisión: APPROVED', N'2025-09-30 09:55:16.000', N'2025-09-30 17:01:23.000'),
  (25, 25, 36, N'REJECTED', N'Revisión automática - Decisión: REJECTED', N'2025-09-17 16:12:43.000', N'2025-09-25 02:13:21.000'),
  (26, 26, 36, N'REJECTED', N'Revisión automática - Decisión: REJECTED', N'2025-06-16 22:22:05.000', N'2025-06-21 13:24:41.000'),
  (27, 27, 29, N'APPROVED', N'Revisión automática - Decisión: APPROVED', N'2025-09-25 04:16:44.000', N'2025-09-29 23:30:38.000'),
  (28, 28, 33, N'APPROVED', N'Revisión automática - Decisión: APPROVED', N'2025-09-15 03:05:12.000', N'2025-09-21 14:06:33.000'),
  (29, 29, 9, N'APPROVED', N'Revisión automática - Decisión: APPROVED', N'2025-09-09 22:13:23.000', N'2025-09-11 05:25:26.000'),
  (30, 30, 33, N'APPROVED', N'Revisión automática - Decisión: APPROVED', N'2025-08-31 05:27:42.000', N'2025-09-15 07:01:30.000'),
  (31, 31, 33, N'REJECTED', N'Revisión automática - Decisión: REJECTED', N'2025-09-25 07:12:45.000', N'2025-09-28 22:13:18.000'),
  (32, 32, 44, N'APPROVED', N'Revisión automática - Decisión: APPROVED', N'2025-09-23 16:34:51.000', N'2025-09-27 19:05:38.000'),
  (33, 33, 21, N'APPROVED', N'Revisión automática - Decisión: APPROVED', N'2025-08-14 11:13:30.000', N'2025-09-15 18:41:04.000'),
  (34, 34, 1, N'APPROVED', N'Revisión automática - Decisión: APPROVED', N'2025-07-25 12:41:46.000', N'2025-08-24 10:39:13.000'),
  (35, 35, 1, N'APPROVED', N'Revisión automática - Decisión: APPROVED', N'2025-09-28 03:28:11.000', N'2025-09-30 19:33:56.000'),
  (36, 36, 4, N'APPROVED', N'Revisión automática - Decisión: APPROVED', N'2025-09-30 00:49:37.000', N'2025-09-30 16:22:21.000'),
  (37, 37, 9, N'APPROVED', N'Revisión automática - Decisión: APPROVED', N'2025-09-22 08:45:15.000', N'2025-09-28 09:39:35.000'),
  (38, 38, 9, N'APPROVED', N'Revisión automática - Decisión: APPROVED', N'2025-03-05 19:25:45.000', N'2025-08-16 23:29:04.000'),
  (39, 39, 23, N'APPROVED', N'Revisión automática - Decisión: APPROVED', N'2025-08-06 14:16:29.000', N'2025-08-21 13:01:16.000'),
  (40, 40, 9, N'REJECTED', N'Revisión automática - Decisión: REJECTED', N'2025-09-13 06:02:39.000', N'2025-09-29 10:03:35.000'),
  (41, 41, 23, N'APPROVED', N'Revisión automática - Decisión: APPROVED', N'2025-08-12 22:57:21.000', N'2025-09-03 13:07:51.000'),
  (42, 42, 33, N'APPROVED', N'Revisión automática - Decisión: APPROVED', N'2025-06-26 01:20:51.000', N'2025-08-08 15:32:12.000'),
  (43, 43, 23, N'APPROVED', N'Revisión automática - Decisión: APPROVED', N'2025-09-30 17:30:29.000', N'2025-09-30 19:14:09.000'),
  (44, 44, 44, N'APPROVED', N'Revisión automática - Decisión: APPROVED', N'2025-07-07 00:39:07.000', N'2025-08-31 07:19:10.000'),
  (45, 45, 36, N'APPROVED', N'Revisión automática - Decisión: APPROVED', N'2025-09-30 21:15:33.000', N'2025-09-30 23:14:04.000'),
  (46, 46, 21, N'APPROVED', N'Revisión automática - Decisión: APPROVED', N'2025-09-14 19:10:42.000', N'2025-09-16 14:38:21.000'),
  (47, 47, 36, N'APPROVED', N'Revisión automática - Decisión: APPROVED', N'2025-08-29 15:20:21.000', N'2025-09-02 23:50:11.000'),
  (48, 48, 9, N'APPROVED', N'Revisión automática - Decisión: APPROVED', N'2025-08-26 13:57:37.000', N'2025-08-28 15:44:46.000'),
  (49, 49, 9, N'APPROVED', N'Revisión automática - Decisión: APPROVED', N'2025-09-16 06:35:32.000', N'2025-09-23 20:01:48.000'),
  (50, 50, 9, N'APPROVED', N'Revisión automática - Decisión: APPROVED', N'2025-09-27 12:50:35.000', N'2025-09-27 17:23:31.000'),
  (51, 51, 38, N'REJECTED', N'Revisión automática - Decisión: REJECTED', N'2025-09-08 01:46:26.000', N'2025-09-24 11:06:38.000'),
  (52, 52, 21, N'APPROVED', N'Revisión automática - Decisión: APPROVED', N'2025-08-21 23:20:00.000', N'2025-08-29 13:18:08.000'),
  (53, 53, 44, N'REJECTED', N'Revisión automática - Decisión: REJECTED', N'2025-09-25 19:14:41.000', N'2025-09-26 09:36:21.000'),
  (54, 54, 4, N'APPROVED', N'Revisión automática - Decisión: APPROVED', N'2025-08-09 05:10:51.000', N'2025-09-18 04:42:13.000'),
  (55, 55, 29, N'APPROVED', N'Revisión automática - Decisión: APPROVED', N'2025-09-05 05:07:38.000', N'2025-09-23 20:54:43.000'),
  (56, 56, 4, N'REJECTED', N'Revisión automática - Decisión: REJECTED', N'2025-09-30 19:52:53.000', N'2025-09-30 22:53:37.000'),
  (57, 57, 24, N'APPROVED', N'Revisión automática - Decisión: APPROVED', N'2025-09-16 13:33:26.000', N'2025-09-26 09:18:52.000'),
  (58, 58, 4, N'APPROVED', N'Revisión automática - Decisión: APPROVED', N'2025-09-20 00:42:10.000', N'2025-09-28 00:22:52.000'),
  (59, 59, 21, N'REJECTED', N'Revisión automática - Decisión: REJECTED', N'2025-08-12 19:15:10.000', N'2025-08-21 06:42:04.000'),
  (60, 60, 36, N'APPROVED', N'Revisión automática - Decisión: APPROVED', N'2025-07-11 09:26:02.000', N'2025-08-01 08:43:58.000'),
  (61, 61, 36, N'REJECTED', N'Revisión automática - Decisión: REJECTED', N'2025-04-23 00:51:30.000', N'2025-08-28 12:26:07.000'),
  (62, 62, 44, N'APPROVED', N'Revisión automática - Decisión: APPROVED', N'2025-09-19 15:18:15.000', N'2025-09-21 06:53:56.000'),
  (63, 63, 24, N'REJECTED', N'Revisión automática - Decisión: REJECTED', N'2025-09-08 06:30:56.000', N'2025-09-17 03:01:17.000'),
  (64, 64, 21, N'APPROVED', N'Revisión automática - Decisión: APPROVED', N'2025-09-23 06:35:52.000', N'2025-09-26 11:15:30.000'),
  (65, 65, 21, N'APPROVED', N'Revisión automática - Decisión: APPROVED', N'2025-09-22 07:24:13.000', N'2025-09-27 07:06:30.000'),
  (66, 66, 4, N'REJECTED', N'Revisión automática - Decisión: REJECTED', N'2025-08-09 22:40:48.000', N'2025-09-30 17:50:56.000'),
  (67, 67, 4, N'APPROVED', N'Revisión automática - Decisión: APPROVED', N'2025-09-30 23:13:37.000', N'2025-09-30 23:58:43.000'),
  (68, 68, 1, N'REJECTED', N'Revisión automática - Decisión: REJECTED', N'2025-09-18 11:33:57.000', N'2025-09-20 16:56:26.000'),
  (69, 69, 29, N'APPROVED', N'Revisión automática - Decisión: APPROVED', N'2025-06-02 18:19:59.000', N'2025-09-23 10:56:37.000'),
  (70, 70, 23, N'APPROVED', N'Revisión automática - Decisión: APPROVED', N'2025-07-18 02:37:03.000', N'2025-09-06 13:42:35.000'),
  (71, 71, 4, N'APPROVED', N'Revisión automática - Decisión: APPROVED', N'2025-09-30 13:06:23.000', N'2025-09-30 14:56:50.000'),
  (72, 72, 9, N'PENDING', N'Revisión automática - Decisión: PENDING', N'2025-09-26 19:31:44.000', NULL),
  (73, 73, 9, N'PENDING', N'Revisión automática - Decisión: PENDING', N'2025-09-28 19:30:54.000', NULL),
  (74, 74, 23, N'APPROVED', N'Revisión automática - Decisión: APPROVED', N'2025-08-25 12:04:46.000', N'2025-09-24 22:29:43.000'),
  (75, 75, 38, N'APPROVED', N'Revisión automática - Decisión: APPROVED', N'2025-09-29 22:34:36.000', N'2025-09-30 16:01:52.000'),
  (76, 76, 21, N'APPROVED', N'Revisión automática - Decisión: APPROVED', N'2025-09-29 19:29:10.000', N'2025-09-30 09:01:04.000'),
  (77, 77, 29, N'APPROVED', N'Revisión automática - Decisión: APPROVED', N'2025-09-24 13:18:11.000', N'2025-09-30 04:51:37.000'),
  (78, 78, 36, N'APPROVED', N'Revisión automática - Decisión: APPROVED', N'2025-07-04 07:33:05.000', N'2025-09-05 05:14:43.000'),
  (79, 79, 36, N'APPROVED', N'Revisión automática - Decisión: APPROVED', N'2025-08-12 07:05:43.000', N'2025-09-08 21:22:04.000'),
  (80, 80, 44, N'REJECTED', N'Revisión automática - Decisión: REJECTED', N'2025-09-30 21:26:34.000', N'2025-09-30 22:59:02.000'),
  (81, 81, 9, N'REJECTED', N'Revisión automática - Decisión: REJECTED', N'2025-07-20 05:58:11.000', N'2025-08-05 16:11:37.000'),
  (82, 82, 9, N'APPROVED', N'Revisión automática - Decisión: APPROVED', N'2025-08-01 04:45:44.000', N'2025-09-06 14:19:42.000'),
  (83, 83, 1, N'APPROVED', N'Revisión automática - Decisión: APPROVED', N'2025-08-09 17:41:26.000', N'2025-08-19 03:19:04.000'),
  (84, 84, 33, N'REJECTED', N'Revisión automática - Decisión: REJECTED', N'2025-09-27 08:15:37.000', N'2025-09-29 14:30:08.000'),
  (85, 85, 4, N'REJECTED', N'Revisión automática - Decisión: REJECTED', N'2025-09-30 06:49:52.000', N'2025-09-30 18:54:21.000'),
  (86, 86, 33, N'APPROVED', N'Revisión automática - Decisión: APPROVED', N'2025-08-21 03:28:04.000', N'2025-08-26 05:28:36.000'),
  (87, 87, 38, N'APPROVED', N'Revisión automática - Decisión: APPROVED', N'2025-09-17 19:43:39.000', N'2025-09-23 10:36:10.000'),
  (88, 88, 4, N'APPROVED', N'Revisión automática - Decisión: APPROVED', N'2025-09-06 17:28:08.000', N'2025-09-30 09:37:22.000'),
  (89, 89, 33, N'APPROVED', N'Revisión automática - Decisión: APPROVED', N'2025-08-25 06:46:37.000', N'2025-09-18 20:52:09.000'),
  (90, 90, 21, N'PENDING', N'Revisión automática - Decisión: PENDING', N'2025-09-17 07:03:08.000', NULL),
  (91, 91, 21, N'APPROVED', N'Revisión automática - Decisión: APPROVED', N'2025-09-22 11:19:45.000', N'2025-09-28 20:26:43.000'),
  (92, 92, 38, N'APPROVED', N'Revisión automática - Decisión: APPROVED', N'2025-09-09 00:51:39.000', N'2025-09-30 09:15:56.000'),
  (93, 93, 9, N'APPROVED', N'Revisión automática - Decisión: APPROVED', N'2025-09-30 09:34:13.000', N'2025-09-30 15:40:23.000'),
  (94, 94, 9, N'REJECTED', N'Revisión automática - Decisión: REJECTED', N'2025-09-04 04:53:35.000', N'2025-09-24 09:52:09.000'),
  (95, 95, 36, N'APPROVED', N'Revisión automática - Decisión: APPROVED', N'2025-09-27 22:42:34.000', N'2025-09-29 13:39:18.000'),
  (96, 96, 23, N'APPROVED', N'Revisión automática - Decisión: APPROVED', N'2025-09-17 23:21:56.000', N'2025-09-29 15:30:12.000'),
  (97, 97, 23, N'APPROVED', N'Revisión automática - Decisión: APPROVED', N'2025-04-26 14:24:34.000', N'2025-06-11 06:53:03.000'),
  (98, 98, 38, N'APPROVED', N'Revisión automática - Decisión: APPROVED', N'2025-09-26 00:48:26.000', N'2025-09-30 10:56:44.000'),
  (99, 99, 4, N'APPROVED', N'Revisión automática - Decisión: APPROVED', N'2025-06-04 21:36:18.000', N'2025-09-13 01:16:52.000'),
  (100, 100, 29, N'REJECTED', N'Revisión automática - Decisión: REJECTED', N'2025-09-28 15:57:35.000', N'2025-09-29 02:25:28.000');
SET IDENTITY_INSERT [admin].[CurationReview] OFF;
GO

-- Data for [auction].[Auction]
SET IDENTITY_INSERT [auction].[Auction] ON;
INSERT INTO [auction].[Auction] ([AuctionId], [SettingsID], [NFTId], [StartAtUtc], [EndAtUtc], [StartingPriceETH], [CurrentPriceETH], [CurrentLeaderId], [StatusCode]) VALUES
  (1, 1, 47, N'2025-09-17 11:24:23.000', N'2025-09-20 11:24:23.000', 1.18228544, 1.18228544, NULL, N'CANCELLED'),
  (2, 1, 79, N'2025-07-21 23:04:00.000', N'2025-07-24 23:04:00.000', 3.41817259, 20.19162016, 49, N'COMPLETED'),
  (3, 1, 3, N'2025-09-30 08:22:02.000', N'2025-10-03 08:22:02.000', 3.11684704, 15.05503572, 7, N'ACTIVE'),
  (4, 1, 36, N'2025-09-30 04:01:22.000', N'2025-10-03 04:01:22.000', 0.92368592, 4.68943977, 25, N'ACTIVE'),
  (5, 1, 45, N'2025-09-20 06:51:17.000', N'2025-09-23 06:51:17.000', 3.21146549, 57.89440628, 31, N'ACTIVE'),
  (6, 1, 92, N'2025-09-18 11:20:59.000', N'2025-09-21 11:20:59.000', 1.73977015, 22.5244055, 6, N'COMPLETED'),
  (7, 1, 22, N'2025-09-29 20:19:51.000', N'2025-10-02 20:19:51.000', 1.84474259, 16.75384515, 44, N'ACTIVE'),
  (8, 1, 83, N'2025-09-30 09:25:07.000', N'2025-10-03 09:25:07.000', 3.10842618, 44.71955852, 48, N'ACTIVE'),
  (9, 1, 12, N'2025-09-30 14:32:17.000', N'2025-10-03 14:32:17.000', 4.77312623, 22.75471901, 46, N'ACTIVE'),
  (10, 1, 87, N'2025-09-27 18:32:09.000', N'2025-09-30 18:32:09.000', 2.20988119, 45.29990039, 47, N'COMPLETED'),
  (11, 1, 52, N'2025-09-28 00:25:06.000', N'2025-10-01 00:25:06.000', 3.74810871, 17.35045208, 14, N'ACTIVE'),
  (12, 1, 16, N'2025-09-27 23:00:37.000', N'2025-09-30 23:00:37.000', 4.53215793, 38.76901857, 26, N'COMPLETED'),
  (13, 1, 96, N'2025-09-14 22:31:43.000', N'2025-09-17 22:31:43.000', 1.47994299, 7.54943051, 41, N'COMPLETED'),
  (14, 1, 49, N'2025-09-30 16:48:25.000', N'2025-10-03 16:48:25.000', 5.78557979, 21.14597884, 20, N'ACTIVE'),
  (15, 1, 30, N'2025-09-15 11:07:50.000', N'2025-09-18 11:07:50.000', 2.2993422, 2.2993422, NULL, N'CANCELLED'),
  (16, 1, 70, N'2025-08-30 12:12:03.000', N'2025-09-02 12:12:03.000', 0.07625991, 0.36621322, 21, N'COMPLETED'),
  (17, 1, 74, N'2025-09-04 21:06:31.000', N'2025-09-07 21:06:31.000', 4.40232804, 19.29595718, 3, N'COMPLETED'),
  (18, 1, 54, N'2025-09-19 21:42:14.000', N'2025-09-22 21:42:14.000', 4.97584412, 83.50065588, 2, N'COMPLETED'),
  (19, 1, 93, N'2025-07-16 22:53:31.000', N'2025-07-19 22:53:31.000', 4.54428174, 24.78260294, 29, N'COMPLETED'),
  (20, 1, 4, N'2025-07-17 19:55:14.000', N'2025-07-20 19:55:14.000', 5.43326599, 46.46653706, 41, N'COMPLETED'),
  (21, 1, 35, N'2025-09-29 07:21:03.000', N'2025-10-02 07:21:03.000', 0.44101165, 6.96772154, 37, N'ACTIVE'),
  (22, 1, 44, N'2025-09-07 09:21:50.000', N'2025-09-10 09:21:50.000', 0.20410359, 1.26520746, 28, N'COMPLETED'),
  (23, 1, 76, N'2025-09-30 17:45:53.000', N'2025-10-03 17:45:53.000', 3.63145175, 17.44079177, 50, N'ACTIVE'),
  (24, 1, 60, N'2025-08-25 00:59:41.000', N'2025-08-28 00:59:41.000', 0.32204505, 3.69578441, 49, N'ACTIVE'),
  (25, 1, 32, N'2025-09-23 17:53:59.000', N'2025-09-26 17:53:59.000', 3.81499758, 18.95516877, 17, N'COMPLETED'),
  (26, 1, 13, N'2025-09-29 15:44:08.000', N'2025-10-02 15:44:08.000', 3.66913611, 21.80742779, 7, N'ACTIVE'),
  (27, 1, 18, N'2025-09-30 03:53:11.000', N'2025-10-03 03:53:11.000', 2.99056321, 9.98415455, 7, N'ACTIVE'),
  (28, 1, 39, N'2025-09-24 14:50:51.000', N'2025-09-27 14:50:51.000', 3.02483472, 37.2705423, 47, N'COMPLETED'),
  (29, 1, 95, N'2025-09-18 09:50:34.000', N'2025-09-21 09:50:34.000', 4.76155178, 13.00293422, 14, N'COMPLETED'),
  (30, 1, 86, N'2025-09-07 00:22:32.000', N'2025-09-10 00:22:32.000', 1.54482149, 10.3728715, 29, N'COMPLETED'),
  (31, 1, 8, N'2025-09-28 19:27:18.000', N'2025-10-01 19:27:18.000', 3.77282026, 32.4143204, 2, N'ACTIVE'),
  (32, 1, 14, N'2025-09-28 15:17:56.000', N'2025-10-01 15:17:56.000', 1.24504765, 6.9499263, 22, N'ACTIVE'),
  (33, 1, 62, N'2025-08-23 05:13:34.000', N'2025-08-26 05:13:34.000', 3.68054191, 39.87497206, 28, N'COMPLETED'),
  (34, 1, 28, N'2025-09-24 22:27:01.000', N'2025-09-27 22:27:01.000', 1.44407443, 5.1572494, 44, N'COMPLETED'),
  (35, 1, 15, N'2025-09-10 12:09:14.000', N'2025-09-13 12:09:14.000', 2.246776, 21.12925441, 17, N'COMPLETED'),
  (36, 1, 58, N'2025-08-31 05:06:30.000', N'2025-09-03 05:06:30.000', 2.60641804, 12.43081839, 25, N'COMPLETED'),
  (37, 1, 69, N'2025-08-09 15:30:18.000', N'2025-08-12 15:30:18.000', 1.03968516, 9.73696154, 24, N'COMPLETED'),
  (38, 1, 19, N'2025-09-28 20:09:48.000', N'2025-10-01 20:09:48.000', 2.92761128, 21.89029173, 48, N'ACTIVE'),
  (39, 1, 57, N'2025-09-20 16:47:32.000', N'2025-09-23 16:47:32.000', 0.62125564, 6.59749004, 8, N'COMPLETED'),
  (40, 1, 89, N'2025-09-20 18:26:52.000', N'2025-09-23 18:26:52.000', 5.34590443, 17.59139203, 24, N'COMPLETED'),
  (41, 1, 65, N'2025-09-30 01:00:48.000', N'2025-10-03 01:00:48.000', 1.34601089, 8.08482583, 47, N'ACTIVE'),
  (42, 1, 38, N'2025-09-01 09:18:38.000', N'2025-09-04 09:18:38.000', 4.52762059, 4.52762059, NULL, N'CANCELLED'),
  (43, 1, 11, N'2025-09-27 02:43:59.000', N'2025-09-30 02:43:59.000', 1.65201794, 23.159496, 47, N'ACTIVE'),
  (44, 1, 41, N'2025-09-25 16:14:13.000', N'2025-09-28 16:14:13.000', 3.53989245, 14.51358758, 17, N'COMPLETED'),
  (45, 1, 6, N'2025-09-26 12:10:04.000', N'2025-09-29 12:10:04.000', 1.2302732, 1.2302732, NULL, N'CANCELLED'),
  (46, 1, 46, N'2025-09-22 02:44:49.000', N'2025-09-25 02:44:49.000', 1.5015285, 10.48079107, 22, N'COMPLETED'),
  (47, 1, 77, N'2025-09-30 06:44:28.000', N'2025-10-03 06:44:28.000', 1.84494203, 6.8678114, 8, N'ACTIVE'),
  (48, 1, 1, N'2025-09-30 19:40:30.000', N'2025-10-03 19:40:30.000', 0.57023202, 2.29261424, 21, N'ACTIVE'),
  (49, 1, 55, N'2025-08-30 17:04:36.000', N'2025-09-02 17:04:36.000', 4.17308998, 4.17308998, NULL, N'CANCELLED'),
  (50, 1, 20, N'2025-09-17 11:51:56.000', N'2025-09-20 11:51:56.000', 3.31223713, 9.89868288, 28, N'COMPLETED'),
  (51, 1, 29, N'2025-05-24 22:41:14.000', N'2025-05-27 22:41:14.000', 1.75218924, 22.80230824, 7, N'COMPLETED'),
  (52, 1, 88, N'2025-09-26 08:46:05.000', N'2025-09-29 08:46:05.000', 4.10010536, 21.97331889, 3, N'COMPLETED'),
  (53, 1, 43, N'2025-09-30 22:31:02.000', N'2025-10-03 22:31:02.000', 3.64227316, 65.09232451, 31, N'ACTIVE'),
  (54, 1, 78, N'2025-07-25 22:04:09.000', N'2025-07-28 22:04:09.000', 3.05608477, 22.93994507, 6, N'COMPLETED'),
  (55, 1, 64, N'2025-09-22 02:17:09.000', N'2025-09-25 02:17:09.000', 0.26217379, 1.73439136, 29, N'COMPLETED'),
  (56, 1, 71, N'2025-09-30 05:49:02.000', N'2025-10-03 05:49:02.000', 1.62175295, 3.10324088, 24, N'ACTIVE'),
  (57, 1, 50, N'2025-09-25 17:01:43.000', N'2025-09-28 17:01:43.000', 4.29925589, 35.24094967, 8, N'COMPLETED'),
  (58, 1, 23, N'2025-09-30 06:08:00.000', N'2025-10-03 06:08:00.000', 3.72380176, 25.68396725, 15, N'ACTIVE'),
  (59, 1, 98, N'2025-09-26 02:40:21.000', N'2025-09-29 02:40:21.000', 0.8400807, 4.25493937, 8, N'COMPLETED'),
  (60, 1, 7, N'2025-08-13 11:44:27.000', N'2025-08-16 11:44:27.000', 1.99339255, 5.72611047, 20, N'COMPLETED'),
  (61, 1, 48, N'2025-09-27 02:29:42.000', N'2025-09-30 02:29:42.000', 3.9512842, 31.01205407, 6, N'COMPLETED'),
  (62, 1, 17, N'2025-09-30 14:12:25.000', N'2025-10-03 14:12:25.000', 2.57446668, 17.29924206, 39, N'ACTIVE'),
  (63, 1, 91, N'2025-09-12 18:38:14.000', N'2025-09-15 18:38:14.000', 3.71125528, 17.54848544, 49, N'COMPLETED'),
  (64, 1, 37, N'2025-09-24 10:22:36.000', N'2025-09-27 10:22:36.000', 2.85415906, 20.92424635, 26, N'COMPLETED'),
  (65, 1, 42, N'2025-08-26 11:30:24.000', N'2025-08-29 11:30:24.000', 2.35125134, 11.83392507, 15, N'COMPLETED'),
  (66, 1, 82, N'2025-09-30 20:25:22.000', N'2025-10-03 20:25:22.000', 3.81930003, 14.67088959, 47, N'ACTIVE');
SET IDENTITY_INSERT [auction].[Auction] OFF;
GO

-- Data for [auction].[Bid]
SET IDENTITY_INSERT [auction].[Bid] ON;
INSERT INTO [auction].[Bid] ([BidId], [AuctionId], [BidderId], [AmountETH], [PlacedAtUtc]) VALUES
  (1, 2, 26, 3.73296759, N'2025-07-22 03:32:45.000'),
  (2, 2, 6, 4.24785401, N'2025-07-22 04:56:52.000'),
  (3, 2, 2, 4.5891528, N'2025-07-22 05:39:00.000'),
  (4, 2, 5, 4.8196367, N'2025-07-22 05:59:05.000'),
  (5, 2, 29, 5.46606355, N'2025-07-22 07:12:00.000'),
  (6, 2, 44, 6.13116483, N'2025-07-22 15:18:27.000'),
  (7, 2, 49, 7.02886218, N'2025-07-23 00:23:01.000'),
  (8, 2, 15, 7.43742999, N'2025-07-23 03:36:26.000'),
  (9, 2, 7, 8.26633535, N'2025-07-23 07:08:58.000'),
  (10, 2, 17, 8.99849861, N'2025-07-23 07:11:15.000'),
  (11, 2, 22, 9.48357546, N'2025-07-23 07:34:07.000'),
  (12, 2, 46, 10.72238438, N'2025-07-23 14:06:49.000'),
  (13, 2, 49, 11.60710603, N'2025-07-23 18:23:05.000'),
  (14, 2, 26, 12.29945599, N'2025-07-23 23:53:22.000'),
  (15, 2, 24, 13.7977505, N'2025-07-24 01:55:57.000'),
  (16, 2, 3, 15.27195733, N'2025-07-24 03:45:39.000'),
  (17, 2, 25, 16.84527431, N'2025-07-24 18:46:54.000'),
  (18, 2, 35, 18.60294686, N'2025-07-24 19:50:06.000'),
  (19, 2, 49, 20.19162016, N'2025-07-24 19:53:50.000'),
  (20, 3, 25, 3.53150379, N'2025-09-30 14:03:53.000'),
  (21, 3, 5, 3.9033584, N'2025-09-30 20:07:46.000'),
  (22, 3, 8, 4.20918892, N'2025-09-30 20:37:18.000'),
  (23, 3, 22, 4.43705917, N'2025-09-30 22:41:03.000'),
  (24, 3, 29, 4.91818988, N'2025-10-01 12:53:30.000'),
  (25, 3, 41, 5.30632587, N'2025-10-01 16:36:42.000'),
  (26, 3, 3, 5.92067394, N'2025-10-01 19:31:05.000'),
  (27, 3, 26, 6.31055843, N'2025-10-01 21:52:25.000'),
  (28, 3, 24, 7.24445607, N'2025-10-02 00:59:44.000'),
  (29, 3, 6, 7.78425063, N'2025-10-02 09:12:17.000'),
  (30, 3, 25, 8.65614937, N'2025-10-02 09:22:11.000'),
  (31, 3, 15, 9.26377863, N'2025-10-02 09:55:20.000'),
  (32, 3, 24, 10.54147122, N'2025-10-02 11:47:49.000'),
  (33, 3, 39, 11.82032888, N'2025-10-02 21:22:41.000'),
  (34, 3, 31, 12.52730292, N'2025-10-03 04:52:45.000'),
  (35, 3, 39, 14.28911289, N'2025-10-03 05:14:26.000'),
  (36, 3, 7, 15.05503572, N'2025-10-03 08:02:26.000'),
  (37, 4, 50, 0.99397425, N'2025-09-30 05:18:02.000'),
  (38, 4, 27, 1.04396235, N'2025-09-30 07:17:56.000'),
  (39, 4, 48, 1.18650048, N'2025-09-30 12:21:16.000'),
  (40, 4, 21, 1.34157286, N'2025-09-30 17:01:59.000'),
  (41, 4, 28, 1.43653736, N'2025-10-01 06:10:33.000'),
  (42, 4, 20, 1.63872897, N'2025-10-01 06:12:51.000'),
  (43, 4, 49, 1.77069181, N'2025-10-01 08:53:20.000'),
  (44, 4, 50, 1.89706278, N'2025-10-01 11:23:00.000'),
  (45, 4, 22, 2.16977945, N'2025-10-01 12:17:18.000'),
  (46, 4, 26, 2.34165193, N'2025-10-01 20:01:18.000'),
  (47, 4, 39, 2.662468, N'2025-10-02 05:54:50.000'),
  (48, 4, 26, 2.92861715, N'2025-10-02 12:05:54.000'),
  (49, 4, 7, 3.08120758, N'2025-10-02 13:12:26.000'),
  (50, 4, 46, 3.31324572, N'2025-10-02 16:49:48.000'),
  (51, 4, 25, 3.60492685, N'2025-10-02 20:09:37.000'),
  (52, 4, 37, 4.12617438, N'2025-10-02 22:15:39.000'),
  (53, 4, 25, 4.68943977, N'2025-10-03 00:56:26.000'),
  (54, 5, 29, 3.58293608, N'2025-09-20 07:05:50.000'),
  (55, 5, 47, 4.07529035, N'2025-09-20 08:08:16.000'),
  (56, 5, 28, 4.31014125, N'2025-09-20 10:25:58.000'),
  (57, 5, 37, 4.88814159, N'2025-09-20 11:19:12.000'),
  (58, 5, 34, 5.365687, N'2025-09-20 15:44:40.000'),
  (59, 5, 49, 5.89992596, N'2025-09-20 16:23:22.000'),
  (60, 5, 27, 6.3340987, N'2025-09-20 17:12:26.000'),
  (61, 5, 22, 7.1900869, N'2025-09-20 21:37:35.000'),
  (62, 5, 34, 7.87045211, N'2025-09-20 21:47:58.000'),
  (63, 5, 2, 8.59824007, N'2025-09-20 22:46:34.000'),
  (64, 5, 20, 9.80501664, N'2025-09-21 00:21:48.000'),
  (65, 5, 48, 11.21835059, N'2025-09-21 01:59:07.000'),
  (66, 5, 37, 12.14806759, N'2025-09-21 02:53:19.000'),
  (67, 5, 35, 13.72154278, N'2025-09-21 05:27:05.000'),
  (68, 5, 28, 14.8876978, N'2025-09-21 09:32:49.000'),
  (69, 5, 46, 17.0652442, N'2025-09-21 13:36:16.000'),
  (70, 5, 37, 19.42679389, N'2025-09-21 19:57:04.000'),
  (71, 5, 15, 21.15183452, N'2025-09-21 20:07:23.000'),
  (72, 5, 5, 23.23898942, N'2025-09-21 23:04:43.000'),
  (73, 5, 15, 26.57008773, N'2025-09-22 06:01:50.000'),
  (74, 5, 24, 30.14363031, N'2025-09-22 10:15:07.000'),
  (75, 5, 47, 34.11657737, N'2025-09-22 14:23:47.000'),
  (76, 5, 46, 35.92683453, N'2025-09-22 19:17:11.000'),
  (77, 5, 39, 40.48617672, N'2025-09-22 20:08:54.000'),
  (78, 5, 39, 42.92653687, N'2025-09-22 21:56:12.000'),
  (79, 5, 7, 48.10056117, N'2025-09-22 22:17:28.000'),
  (80, 5, 49, 51.30045522, N'2025-09-23 00:26:40.000'),
  (81, 5, 31, 57.89440628, N'2025-09-23 06:41:33.000'),
  (82, 6, 37, 1.99853635, N'2025-09-18 16:56:06.000'),
  (83, 6, 2, 2.23637858, N'2025-09-18 16:58:10.000'),
  (84, 6, 47, 2.38357796, N'2025-09-18 17:06:41.000'),
  (85, 6, 37, 2.67444129, N'2025-09-18 21:11:25.000'),
  (86, 6, 47, 3.03988648, N'2025-09-18 23:04:21.000'),
  (87, 6, 2, 3.47971234, N'2025-09-18 23:14:15.000'),
  (88, 6, 46, 3.6966127, N'2025-09-19 00:02:12.000'),
  (89, 6, 17, 4.03403668, N'2025-09-19 00:15:41.000'),
  (90, 6, 50, 4.48628467, N'2025-09-19 06:05:08.000'),
  (91, 6, 15, 4.9319126, N'2025-09-19 10:44:36.000'),
  (92, 6, 26, 5.44175736, N'2025-09-19 11:16:47.000'),
  (93, 6, 26, 5.92326757, N'2025-09-19 17:19:53.000'),
  (94, 6, 24, 6.23005272, N'2025-09-19 20:53:00.000'),
  (95, 6, 48, 7.07693569, N'2025-09-20 06:28:07.000'),
  (96, 6, 25, 8.0541733, N'2025-09-20 07:14:12.000'),
  (97, 6, 26, 9.05272517, N'2025-09-20 09:05:22.000'),
  (98, 6, 46, 10.26876172, N'2025-09-20 09:17:02.000'),
  (99, 6, 50, 11.77188287, N'2025-09-20 09:36:35.000'),
  (100, 6, 25, 12.90268973, N'2025-09-20 15:52:23.000'),
  (101, 6, 14, 13.78750815, N'2025-09-20 21:25:30.000'),
  (102, 6, 49, 15.72561122, N'2025-09-20 21:37:53.000'),
  (103, 6, 50, 18.06533091, N'2025-09-20 21:59:55.000'),
  (104, 6, 34, 19.80065597, N'2025-09-21 01:24:03.000'),
  (105, 6, 6, 22.5244055, N'2025-09-21 07:49:23.000'),
  (106, 7, 8, 1.99168835, N'2025-09-30 01:35:05.000'),
  (107, 7, 46, 2.2778651, N'2025-09-30 06:02:24.000'),
  (108, 7, 47, 2.53610339, N'2025-09-30 07:04:52.000'),
  (109, 7, 15, 2.72774741, N'2025-09-30 16:31:02.000'),
  (110, 7, 8, 3.02579239, N'2025-09-30 16:35:43.000'),
  (111, 7, 21, 3.23479457, N'2025-09-30 19:33:31.000'),
  (112, 7, 5, 3.41085598, N'2025-09-30 20:06:45.000'),
  (113, 7, 41, 3.58915298, N'2025-09-30 20:30:58.000'),
  (114, 7, 48, 4.02538973, N'2025-09-30 23:02:15.000'),
  (115, 7, 26, 4.60374298, N'2025-09-30 23:39:25.000'),
  (116, 7, 21, 5.17196332, N'2025-10-01 01:31:32.000'),
  (117, 7, 34, 5.43394702, N'2025-10-01 02:01:50.000'),
  (118, 7, 27, 5.99079959, N'2025-10-01 02:22:31.000'),
  (119, 7, 28, 6.56675859, N'2025-10-01 04:50:59.000'),
  (120, 7, 21, 7.02688089, N'2025-10-01 06:32:44.000'),
  (121, 7, 20, 7.60460365, N'2025-10-01 07:57:06.000'),
  (122, 7, 41, 8.40733737, N'2025-10-01 11:30:32.000'),
  (123, 7, 27, 9.14210769, N'2025-10-01 12:59:16.000'),
  (124, 7, 27, 10.18206571, N'2025-10-01 15:25:20.000'),
  (125, 7, 7, 11.10634869, N'2025-10-01 17:01:48.000'),
  (126, 7, 39, 11.84452663, N'2025-10-01 18:01:17.000'),
  (127, 7, 7, 13.45384218, N'2025-10-01 18:14:41.000'),
  (128, 7, 41, 14.56313131, N'2025-10-01 21:39:25.000'),
  (129, 7, 26, 15.47488045, N'2025-10-02 12:35:28.000'),
  (130, 7, 44, 16.75384515, N'2025-10-02 16:08:56.000'),
  (131, 8, 37, 3.54112881, N'2025-09-30 13:52:10.000'),
  (132, 8, 28, 3.9006605, N'2025-09-30 13:58:13.000'),
  (133, 8, 5, 4.15348217, N'2025-09-30 21:39:50.000'),
  (134, 8, 7, 4.76147073, N'2025-10-01 00:43:44.000'),
  (135, 8, 6, 5.43278298, N'2025-10-01 02:22:40.000'),
  (136, 8, 14, 6.21588909, N'2025-10-01 04:27:01.000'),
  (137, 8, 49, 7.01432666, N'2025-10-01 07:12:27.000'),
  (138, 8, 37, 7.66430146, N'2025-10-01 07:55:20.000'),
  (139, 8, 15, 8.28803955, N'2025-10-01 11:56:41.000'),
  (140, 8, 24, 9.16448613, N'2025-10-01 13:31:38.000'),
  (141, 8, 48, 10.08809733, N'2025-10-01 15:01:12.000'),
  (142, 8, 47, 11.14547866, N'2025-10-01 19:13:04.000'),
  (143, 8, 47, 12.25089898, N'2025-10-01 20:27:58.000'),
  (144, 8, 7, 14.04935678, N'2025-10-01 20:59:15.000'),
  (145, 8, 41, 15.17193289, N'2025-10-02 00:25:16.000'),
  (146, 8, 14, 16.87513213, N'2025-10-02 07:05:46.000'),
  (147, 8, 44, 17.75527293, N'2025-10-02 09:59:19.000'),
  (148, 8, 14, 20.40862315, N'2025-10-02 14:01:46.000'),
  (149, 8, 17, 21.51624764, N'2025-10-02 14:19:40.000'),
  (150, 8, 24, 24.17970014, N'2025-10-02 18:09:11.000'),
  (151, 8, 26, 26.8933792, N'2025-10-02 19:02:05.000'),
  (152, 8, 17, 30.81878856, N'2025-10-02 20:12:22.000'),
  (153, 8, 15, 35.20509582, N'2025-10-02 23:28:33.000'),
  (154, 8, 2, 39.11032022, N'2025-10-03 04:18:35.000'),
  (155, 8, 48, 44.71955852, N'2025-10-03 07:05:27.000'),
  (156, 9, 35, 5.09681992, N'2025-09-30 18:12:12.000'),
  (157, 9, 5, 5.61935292, N'2025-09-30 19:18:48.000'),
  (158, 9, 15, 6.37653787, N'2025-09-30 20:14:36.000'),
  (159, 9, 14, 6.97834483, N'2025-09-30 21:50:46.000'),
  (160, 9, 31, 7.76396312, N'2025-10-01 07:05:08.000'),
  (161, 9, 22, 8.59362574, N'2025-10-01 19:31:24.000'),
  (162, 9, 3, 9.87224331, N'2025-10-02 02:10:10.000'),
  (163, 9, 47, 10.81918093, N'2025-10-02 04:31:32.000'),
  (164, 9, 17, 11.5977071, N'2025-10-02 06:22:11.000'),
  (165, 9, 46, 12.88863745, N'2025-10-02 10:02:20.000'),
  (166, 9, 34, 13.9621512, N'2025-10-02 17:05:51.000'),
  (167, 9, 50, 14.99394291, N'2025-10-02 17:19:53.000'),
  (168, 9, 17, 16.51914533, N'2025-10-02 19:28:38.000'),
  (169, 9, 3, 18.3554669, N'2025-10-02 23:51:37.000'),
  (170, 9, 31, 20.23199035, N'2025-10-03 03:04:07.000'),
  (171, 9, 46, 21.44967588, N'2025-10-03 09:37:20.000'),
  (172, 9, 46, 22.75471901, N'2025-10-03 14:12:29.000'),
  (173, 10, 47, 2.48554821, N'2025-09-27 20:26:01.000'),
  (174, 10, 35, 2.69794107, N'2025-09-28 00:00:51.000'),
  (175, 10, 21, 2.97101917, N'2025-09-28 06:13:34.000'),
  (176, 10, 29, 3.3961442, N'2025-09-28 06:32:57.000'),
  (177, 10, 48, 3.79869951, N'2025-09-28 14:10:20.000'),
  (178, 10, 44, 4.22694573, N'2025-09-28 16:09:39.000'),
  (179, 10, 20, 4.50768418, N'2025-09-28 17:02:47.000'),
  (180, 10, 26, 5.00992404, N'2025-09-28 18:01:07.000'),
  (181, 10, 35, 5.72352591, N'2025-09-28 18:43:39.000'),
  (182, 10, 8, 6.47460559, N'2025-09-28 20:47:56.000'),
  (183, 10, 21, 7.43243844, N'2025-09-28 21:39:59.000'),
  (184, 10, 15, 8.00937018, N'2025-09-29 00:27:25.000'),
  (185, 10, 29, 8.86490763, N'2025-09-29 03:51:45.000'),
  (186, 10, 14, 9.68572506, N'2025-09-29 06:27:33.000'),
  (187, 10, 41, 11.13755231, N'2025-09-29 06:46:19.000'),
  (188, 10, 39, 12.69267109, N'2025-09-29 09:05:24.000'),
  (189, 10, 31, 14.02426079, N'2025-09-29 17:46:07.000'),
  (190, 10, 14, 15.12209009, N'2025-09-29 18:12:47.000'),
  (191, 10, 14, 17.10529621, N'2025-09-29 18:54:42.000'),
  (192, 10, 14, 18.43491481, N'2025-09-29 19:07:50.000'),
  (193, 10, 24, 20.14621935, N'2025-09-29 19:09:55.000'),
  (194, 10, 8, 22.44790881, N'2025-09-29 21:29:55.000'),
  (195, 10, 17, 24.18339996, N'2025-09-29 22:39:08.000'),
  (196, 10, 46, 26.66352575, N'2025-09-29 23:59:22.000'),
  (197, 10, 24, 29.15904855, N'2025-09-30 00:45:14.000'),
  (198, 10, 20, 32.58204894, N'2025-09-30 03:47:03.000'),
  (199, 10, 29, 35.96461963, N'2025-09-30 08:20:33.000'),
  (200, 10, 8, 38.60905034, N'2025-09-30 08:37:32.000'),
  (201, 10, 28, 41.55615211, N'2025-09-30 10:24:52.000'),
  (202, 10, 47, 45.29990039, N'2025-09-30 16:16:28.000'),
  (203, 11, 29, 4.26092205, N'2025-09-28 00:30:30.000'),
  (204, 11, 50, 4.65288416, N'2025-09-28 00:52:46.000'),
  (205, 11, 8, 5.25925784, N'2025-09-28 09:32:39.000'),
  (206, 11, 46, 5.83345142, N'2025-09-28 09:54:52.000'),
  (207, 11, 25, 6.48374468, N'2025-09-28 10:26:22.000'),
  (208, 11, 44, 6.98085704, N'2025-09-28 10:36:10.000'),
  (209, 11, 39, 7.33379947, N'2025-09-28 13:54:59.000'),
  (210, 11, 39, 7.82059052, N'2025-09-29 01:22:47.000'),
  (211, 11, 28, 8.66075615, N'2025-09-29 10:16:44.000'),
  (212, 11, 5, 9.81747914, N'2025-09-29 18:15:34.000'),
  (213, 11, 44, 10.70764722, N'2025-09-29 19:13:15.000'),
  (214, 11, 15, 11.31670325, N'2025-09-29 19:54:43.000'),
  (215, 11, 24, 12.76464528, N'2025-09-30 05:47:49.000'),
  (216, 11, 25, 14.63608864, N'2025-09-30 06:22:25.000'),
  (217, 11, 39, 16.07063897, N'2025-09-30 20:14:12.000'),
  (218, 11, 14, 17.35045208, N'2025-09-30 22:44:21.000'),
  (219, 12, 17, 4.82358287, N'2025-09-27 23:13:24.000'),
  (220, 12, 35, 5.25808604, N'2025-09-27 23:18:57.000'),
  (221, 12, 41, 5.55446686, N'2025-09-28 02:03:31.000'),
  (222, 12, 31, 6.03589756, N'2025-09-28 05:59:06.000'),
  (223, 12, 24, 6.61537937, N'2025-09-28 21:11:29.000'),
  (224, 12, 41, 7.36495149, N'2025-09-28 22:34:39.000'),
  (225, 12, 46, 8.26606588, N'2025-09-29 00:53:34.000'),
  (226, 12, 46, 9.46417581, N'2025-09-29 02:09:09.000'),
  (227, 12, 25, 10.57593204, N'2025-09-29 02:47:47.000'),
  (228, 12, 28, 11.78848767, N'2025-09-29 02:54:04.000'),
  (229, 12, 25, 12.38060308, N'2025-09-29 06:20:48.000'),
  (230, 12, 20, 13.70257344, N'2025-09-29 09:53:44.000'),
  (231, 12, 37, 15.02682403, N'2025-09-29 12:38:36.000'),
  (232, 12, 2, 17.25189055, N'2025-09-29 17:22:39.000'),
  (233, 12, 28, 18.97660653, N'2025-09-29 17:43:47.000'),
  (234, 12, 17, 21.42109553, N'2025-09-29 23:43:22.000'),
  (235, 12, 44, 23.34382817, N'2025-09-30 04:11:02.000'),
  (236, 12, 48, 25.26275106, N'2025-09-30 07:24:01.000'),
  (237, 12, 46, 27.46660303, N'2025-09-30 09:01:00.000'),
  (238, 12, 17, 30.17589247, N'2025-09-30 14:12:55.000'),
  (239, 12, 5, 32.01129614, N'2025-09-30 20:39:50.000'),
  (240, 12, 26, 36.73175206, N'2025-09-30 21:19:22.000'),
  (241, 12, 26, 38.76901857, N'2025-09-30 21:44:29.000'),
  (242, 13, 26, 1.59197098, N'2025-09-15 03:37:46.000'),
  (243, 13, 49, 1.73389419, N'2025-09-15 16:08:51.000'),
  (244, 13, 26, 1.87472579, N'2025-09-15 20:28:01.000'),
  (245, 13, 17, 2.10310144, N'2025-09-16 00:51:46.000'),
  (246, 13, 6, 2.21569348, N'2025-09-16 01:28:59.000'),
  (247, 13, 34, 2.44919826, N'2025-09-16 02:23:29.000'),
  (248, 13, 26, 2.6368484, N'2025-09-16 08:07:02.000'),
  (249, 13, 44, 2.94176709, N'2025-09-16 08:29:43.000'),
  (250, 13, 39, 3.18533939, N'2025-09-16 12:24:31.000'),
  (251, 13, 47, 3.37643635, N'2025-09-16 16:52:30.000'),
  (252, 13, 26, 3.57226471, N'2025-09-16 18:51:46.000'),
  (253, 13, 20, 3.77681881, N'2025-09-16 19:41:21.000'),
  (254, 13, 5, 4.28395968, N'2025-09-17 00:27:44.000'),
  (255, 13, 8, 4.69995914, N'2025-09-17 01:12:04.000'),
  (256, 13, 31, 5.04963254, N'2025-09-17 03:54:09.000'),
  (257, 13, 46, 5.40254344, N'2025-09-17 04:05:38.000'),
  (258, 13, 50, 6.16734111, N'2025-09-17 05:10:37.000'),
  (259, 13, 6, 6.59485294, N'2025-09-17 08:52:23.000'),
  (260, 13, 41, 7.54943051, N'2025-09-17 17:55:58.000'),
  (261, 14, 15, 6.16526273, N'2025-10-01 01:57:54.000'),
  (262, 14, 29, 6.81062238, N'2025-10-01 03:59:46.000'),
  (263, 14, 6, 7.16266503, N'2025-10-01 04:21:47.000'),
  (264, 14, 44, 7.86953942, N'2025-10-01 09:32:39.000'),
  (265, 14, 31, 8.83969951, N'2025-10-01 09:43:23.000'),
  (266, 14, 50, 9.63768454, N'2025-10-01 11:09:38.000'),
  (267, 14, 2, 10.72691885, N'2025-10-01 11:50:06.000'),
  (268, 14, 35, 11.47695942, N'2025-10-01 12:34:09.000'),
  (269, 14, 2, 12.95544621, N'2025-10-01 18:00:52.000'),
  (270, 14, 37, 14.21389139, N'2025-10-01 23:31:37.000'),
  (271, 14, 48, 14.95027163, N'2025-10-02 07:58:50.000'),
  (272, 14, 46, 15.76908735, N'2025-10-02 11:35:37.000'),
  (273, 14, 35, 17.58898441, N'2025-10-03 01:26:21.000'),
  (274, 14, 5, 20.07599125, N'2025-10-03 08:38:27.000'),
  (275, 14, 20, 21.14597884, N'2025-10-03 13:41:25.000'),
  (276, 16, 47, 0.08653189, N'2025-08-30 15:18:59.000'),
  (277, 16, 34, 0.09729341, N'2025-08-30 15:58:30.000'),
  (278, 16, 5, 0.1021812, N'2025-08-30 19:24:03.000'),
  (279, 16, 3, 0.11149987, N'2025-08-31 05:34:10.000'),
  (280, 16, 50, 0.12371471, N'2025-08-31 06:07:40.000'),
  (281, 16, 22, 0.14165051, N'2025-08-31 12:20:52.000'),
  (282, 16, 47, 0.1495883, N'2025-08-31 12:52:54.000'),
  (283, 16, 41, 0.16525553, N'2025-08-31 17:48:09.000'),
  (284, 16, 50, 0.18031291, N'2025-09-01 01:07:22.000'),
  (285, 16, 34, 0.2052198, N'2025-09-01 04:52:12.000'),
  (286, 16, 6, 0.23105911, N'2025-09-01 06:09:21.000'),
  (287, 16, 26, 0.25664823, N'2025-09-01 06:26:03.000'),
  (288, 16, 22, 0.29317741, N'2025-09-01 19:05:08.000'),
  (289, 16, 35, 0.30886392, N'2025-09-02 05:26:55.000'),
  (290, 16, 21, 0.33185841, N'2025-09-02 08:18:52.000'),
  (291, 16, 21, 0.36621322, N'2025-09-02 08:40:18.000'),
  (292, 17, 44, 4.76901195, N'2025-09-05 05:48:18.000'),
  (293, 17, 6, 5.21529194, N'2025-09-05 11:15:28.000'),
  (294, 17, 8, 5.87612169, N'2025-09-05 14:13:04.000'),
  (295, 17, 31, 6.50956907, N'2025-09-05 14:25:17.000'),
  (296, 17, 44, 6.92171653, N'2025-09-05 23:32:50.000'),
  (297, 17, 2, 7.90995843, N'2025-09-06 07:37:05.000'),
  (298, 17, 7, 8.89774362, N'2025-09-06 08:13:41.000'),
  (299, 17, 49, 9.8966192, N'2025-09-06 11:51:32.000'),
  (300, 17, 47, 10.46343852, N'2025-09-07 01:47:28.000'),
  (301, 17, 8, 11.52728509, N'2025-09-07 05:59:05.000'),
  (302, 17, 50, 12.16170499, N'2025-09-07 07:28:28.000'),
  (303, 17, 21, 13.19448022, N'2025-09-07 08:18:49.000'),
  (304, 17, 39, 14.35163049, N'2025-09-07 08:28:59.000'),
  (305, 17, 21, 16.26352174, N'2025-09-07 09:34:07.000'),
  (306, 17, 8, 17.14027197, N'2025-09-07 12:32:08.000'),
  (307, 17, 3, 19.29595718, N'2025-09-07 19:26:19.000'),
  (308, 18, 47, 5.27273021, N'2025-09-19 22:37:51.000'),
  (309, 18, 17, 5.82294762, N'2025-09-20 03:06:33.000'),
  (310, 18, 44, 6.35803246, N'2025-09-20 05:05:55.000'),
  (311, 18, 44, 7.23827989, N'2025-09-20 06:28:16.000'),
  (312, 18, 17, 8.13487532, N'2025-09-20 09:37:06.000'),
  (313, 18, 27, 8.59848948, N'2025-09-20 10:59:26.000'),
  (314, 18, 46, 9.48110519, N'2025-09-20 11:34:24.000'),
  (315, 18, 15, 10.15372156, N'2025-09-20 13:20:27.000'),
  (316, 18, 50, 10.93012319, N'2025-09-20 13:33:28.000'),
  (317, 18, 48, 12.52184685, N'2025-09-20 18:04:43.000'),
  (318, 18, 22, 13.65362386, N'2025-09-21 01:08:31.000'),
  (319, 18, 15, 15.49376236, N'2025-09-21 02:03:46.000'),
  (320, 18, 48, 17.57881222, N'2025-09-21 03:31:34.000'),
  (321, 18, 26, 19.82368182, N'2025-09-21 03:44:42.000'),
  (322, 18, 8, 21.02014562, N'2025-09-21 10:41:31.000'),
  (323, 18, 28, 22.57144462, N'2025-09-21 15:03:44.000'),
  (324, 18, 3, 24.75398994, N'2025-09-21 17:03:11.000'),
  (325, 18, 5, 27.01297542, N'2025-09-21 20:52:47.000'),
  (326, 18, 24, 28.50540157, N'2025-09-21 23:20:41.000'),
  (327, 18, 20, 30.15003281, N'2025-09-22 00:59:04.000'),
  (328, 18, 26, 31.69853513, N'2025-09-22 03:04:04.000'),
  (329, 18, 5, 35.58541972, N'2025-09-22 03:31:01.000'),
  (330, 18, 6, 38.54435766, N'2025-09-22 06:54:16.000'),
  (331, 18, 28, 43.82586931, N'2025-09-22 09:38:55.000'),
  (332, 18, 27, 50.15844868, N'2025-09-22 09:53:37.000'),
  (333, 18, 21, 57.10902951, N'2025-09-22 10:13:49.000'),
  (334, 18, 46, 64.73070546, N'2025-09-22 14:41:14.000'),
  (335, 18, 46, 69.17795864, N'2025-09-22 17:07:54.000'),
  (336, 18, 46, 79.46589218, N'2025-09-22 18:21:13.000'),
  (337, 18, 2, 83.50065588, N'2025-09-22 18:48:02.000'),
  (338, 19, 27, 4.94274976, N'2025-07-17 04:14:50.000'),
  (339, 19, 3, 5.39429003, N'2025-07-17 04:35:05.000'),
  (340, 19, 21, 5.99531259, N'2025-07-17 08:25:58.000'),
  (341, 19, 34, 6.40819668, N'2025-07-17 11:23:56.000'),
  (342, 19, 28, 7.36526705, N'2025-07-17 12:37:07.000'),
  (343, 19, 26, 8.43224618, N'2025-07-17 18:13:18.000'),
  (344, 19, 37, 9.25533261, N'2025-07-17 18:50:29.000'),
  (345, 19, 50, 9.73607319, N'2025-07-17 21:25:08.000'),
  (346, 19, 22, 10.43203776, N'2025-07-17 23:31:56.000'),
  (347, 19, 2, 11.24483266, N'2025-07-18 02:28:29.000'),
  (348, 19, 26, 12.46033231, N'2025-07-18 03:22:21.000'),
  (349, 19, 3, 13.2230809, N'2025-07-18 09:20:38.000'),
  (350, 19, 28, 14.60629742, N'2025-07-18 14:21:10.000'),
  (351, 19, 48, 16.06294474, N'2025-07-18 16:02:31.000'),
  (352, 19, 14, 16.95171809, N'2025-07-18 19:22:17.000'),
  (353, 19, 21, 17.98153861, N'2025-07-18 23:45:31.000'),
  (354, 19, 35, 19.58624055, N'2025-07-19 00:05:27.000'),
  (355, 19, 50, 20.64898144, N'2025-07-19 00:48:47.000'),
  (356, 19, 49, 21.91216293, N'2025-07-19 13:56:08.000'),
  (357, 19, 37, 23.37479268, N'2025-07-19 15:58:22.000'),
  (358, 19, 29, 24.78260294, N'2025-07-19 22:17:40.000'),
  (359, 20, 24, 6.15559604, N'2025-07-17 21:39:26.000'),
  (360, 20, 35, 6.6416505, N'2025-07-17 22:55:40.000'),
  (361, 20, 26, 7.141899, N'2025-07-17 23:20:17.000'),
  (362, 20, 8, 8.00932734, N'2025-07-17 23:48:56.000'),
  (363, 20, 28, 9.02206692, N'2025-07-18 05:51:19.000'),
  (364, 20, 8, 10.06118179, N'2025-07-18 09:51:20.000'),
  (365, 20, 21, 11.18773719, N'2025-07-18 15:47:08.000'),
  (366, 20, 31, 12.15577051, N'2025-07-18 16:08:15.000'),
  (367, 20, 44, 12.8640034, N'2025-07-18 19:55:17.000'),
  (368, 20, 6, 13.91920802, N'2025-07-18 22:07:11.000'),
  (369, 20, 14, 14.95059141, N'2025-07-18 23:44:35.000'),
  (370, 20, 22, 16.17355743, N'2025-07-19 00:09:35.000'),
  (371, 20, 44, 17.77233362, N'2025-07-19 05:49:25.000'),
  (372, 20, 50, 19.02927912, N'2025-07-19 07:21:48.000'),
  (373, 20, 3, 21.19246942, N'2025-07-19 08:55:51.000'),
  (374, 20, 15, 23.54040759, N'2025-07-19 15:42:56.000'),
  (375, 20, 3, 25.05723289, N'2025-07-20 01:32:55.000'),
  (376, 20, 46, 26.43916257, N'2025-07-20 05:53:51.000'),
  (377, 20, 37, 28.07436573, N'2025-07-20 05:57:15.000'),
  (378, 20, 35, 30.35150893, N'2025-07-20 07:33:58.000'),
  (379, 20, 17, 32.64175823, N'2025-07-20 13:49:15.000'),
  (380, 20, 48, 37.13586681, N'2025-07-20 16:53:35.000'),
  (381, 20, 34, 41.3814701, N'2025-07-20 17:13:23.000'),
  (382, 20, 41, 46.46653706, N'2025-07-20 18:23:01.000'),
  (383, 21, 35, 0.49933599, N'2025-09-29 07:41:23.000'),
  (384, 21, 14, 0.55078281, N'2025-09-29 10:34:26.000'),
  (385, 21, 3, 0.60646145, N'2025-09-29 16:08:10.000'),
  (386, 21, 48, 0.69542686, N'2025-09-29 17:28:38.000'),
  (387, 21, 20, 0.78909484, N'2025-09-29 17:31:29.000'),
  (388, 21, 44, 0.88969798, N'2025-09-29 22:02:31.000'),
  (389, 21, 2, 1.0213853, N'2025-09-30 02:05:37.000'),
  (390, 21, 47, 1.14498397, N'2025-09-30 06:03:51.000'),
  (391, 21, 7, 1.28144608, N'2025-09-30 06:20:33.000'),
  (392, 21, 7, 1.3541692, N'2025-09-30 10:00:17.000'),
  (393, 21, 17, 1.54530241, N'2025-09-30 10:15:48.000'),
  (394, 21, 2, 1.71434142, N'2025-09-30 11:22:11.000'),
  (395, 21, 25, 1.83932526, N'2025-09-30 12:12:29.000'),
  (396, 21, 6, 2.08587514, N'2025-09-30 13:30:55.000'),
  (397, 21, 46, 2.2253713, N'2025-09-30 20:06:48.000'),
  (398, 21, 2, 2.53520892, N'2025-09-30 23:26:10.000'),
  (399, 21, 3, 2.87595729, N'2025-10-01 01:55:50.000'),
  (400, 21, 21, 3.02329925, N'2025-10-01 03:43:30.000'),
  (401, 21, 29, 3.43561965, N'2025-10-01 11:15:32.000'),
  (402, 21, 2, 3.68742662, N'2025-10-01 12:57:04.000'),
  (403, 21, 6, 4.16960061, N'2025-10-01 14:48:31.000'),
  (404, 21, 41, 4.7210003, N'2025-10-01 16:02:38.000'),
  (405, 21, 46, 5.01825466, N'2025-10-01 18:17:42.000'),
  (406, 21, 35, 5.47938351, N'2025-10-01 21:36:47.000'),
  (407, 21, 2, 6.15252834, N'2025-10-02 02:25:35.000'),
  (408, 21, 37, 6.96772154, N'2025-10-02 03:49:37.000'),
  (409, 22, 50, 0.23191509, N'2025-09-07 20:49:59.000'),
  (410, 22, 2, 0.24463482, N'2025-09-07 23:32:14.000'),
  (411, 22, 47, 0.28009224, N'2025-09-09 01:07:29.000'),
  (412, 22, 6, 0.29507481, N'2025-09-09 01:35:47.000'),
  (413, 22, 41, 0.33527294, N'2025-09-09 02:47:42.000'),
  (414, 22, 20, 0.38532062, N'2025-09-09 02:50:39.000'),
  (415, 22, 2, 0.42586909, N'2025-09-09 04:19:16.000'),
  (416, 22, 20, 0.45921154, N'2025-09-09 09:07:45.000'),
  (417, 22, 24, 0.50239966, N'2025-09-09 10:38:36.000'),
  (418, 22, 31, 0.54363851, N'2025-09-09 11:24:52.000'),
  (419, 22, 39, 0.60554875, N'2025-09-09 12:49:30.000'),
  (420, 22, 25, 0.68941473, N'2025-09-09 12:54:02.000'),
  (421, 22, 7, 0.75826317, N'2025-09-09 15:42:34.000'),
  (422, 22, 37, 0.8393695, N'2025-09-09 15:52:39.000'),
  (423, 22, 22, 0.95561039, N'2025-09-09 16:08:08.000'),
  (424, 22, 28, 1.03863011, N'2025-09-10 01:49:28.000'),
  (425, 22, 28, 1.17020172, N'2025-09-10 02:11:53.000'),
  (426, 22, 28, 1.26520746, N'2025-09-10 04:14:11.000'),
  (427, 23, 7, 4.05724796, N'2025-09-30 18:50:57.000'),
  (428, 23, 26, 4.61749741, N'2025-10-01 04:21:06.000'),
  (429, 23, 25, 4.93245554, N'2025-10-01 04:52:25.000'),
  (430, 23, 25, 5.48058778, N'2025-10-01 07:06:56.000'),
  (431, 23, 7, 5.95986616, N'2025-10-01 22:17:14.000'),
  (432, 23, 2, 6.66316077, N'2025-10-02 01:34:27.000'),
  (433, 23, 17, 7.54597459, N'2025-10-02 04:18:46.000'),
  (434, 23, 27, 8.52111649, N'2025-10-02 07:59:35.000'),
  (435, 23, 26, 9.60706523, N'2025-10-02 11:31:12.000'),
  (436, 23, 44, 10.3502621, N'2025-10-02 17:12:32.000'),
  (437, 23, 17, 11.40733425, N'2025-10-02 19:21:41.000'),
  (438, 23, 34, 12.79481655, N'2025-10-02 21:29:04.000'),
  (439, 23, 49, 13.89196326, N'2025-10-03 04:59:05.000'),
  (440, 23, 26, 14.72946672, N'2025-10-03 06:01:34.000'),
  (441, 23, 6, 16.36142476, N'2025-10-03 08:16:56.000'),
  (442, 23, 50, 17.44079177, N'2025-10-03 15:47:25.000'),
  (443, 24, 5, 0.34599986, N'2025-08-25 05:03:37.000'),
  (444, 24, 7, 0.36544602, N'2025-08-25 06:00:33.000'),
  (445, 24, 31, 0.40717698, N'2025-08-25 06:41:27.000'),
  (446, 24, 28, 0.43255952, N'2025-08-25 10:48:52.000'),
  (447, 24, 21, 0.46907443, N'2025-08-25 14:57:49.000'),
  (448, 24, 28, 0.52986228, N'2025-08-25 20:00:34.000'),
  (449, 24, 44, 0.56203161, N'2025-08-25 20:22:27.000'),
  (450, 24, 21, 0.62456704, N'2025-08-25 22:55:49.000'),
  (451, 24, 25, 0.67242294, N'2025-08-25 23:22:16.000'),
  (452, 24, 28, 0.74599783, N'2025-08-25 23:45:03.000'),
  (453, 24, 8, 0.85571216, N'2025-08-25 23:47:13.000'),
  (454, 24, 35, 0.97666411, N'2025-08-26 02:59:32.000'),
  (455, 24, 6, 1.06901008, N'2025-08-26 03:20:25.000'),
  (456, 24, 27, 1.1659139, N'2025-08-26 03:48:35.000'),
  (457, 24, 49, 1.27564612, N'2025-08-26 09:45:49.000'),
  (458, 24, 3, 1.35287762, N'2025-08-26 19:53:22.000'),
  (459, 24, 47, 1.49011313, N'2025-08-26 20:19:51.000'),
  (460, 24, 20, 1.58481348, N'2025-08-27 00:18:57.000'),
  (461, 24, 34, 1.68040924, N'2025-08-27 03:51:20.000'),
  (462, 24, 8, 1.81872593, N'2025-08-27 07:40:31.000'),
  (463, 24, 39, 1.99425845, N'2025-08-27 08:01:15.000'),
  (464, 24, 41, 2.27974932, N'2025-08-27 08:51:10.000'),
  (465, 24, 29, 2.46111725, N'2025-08-27 10:05:26.000'),
  (466, 24, 14, 2.69137972, N'2025-08-27 16:18:57.000'),
  (467, 24, 15, 3.05376992, N'2025-08-27 18:42:40.000'),
  (468, 24, 46, 3.27796225, N'2025-08-27 21:39:01.000'),
  (469, 24, 49, 3.69578441, N'2025-08-27 23:40:08.000'),
  (470, 25, 44, 4.01025675, N'2025-09-24 01:07:32.000'),
  (471, 25, 14, 4.35577364, N'2025-09-24 01:31:57.000'),
  (472, 25, 24, 4.61006218, N'2025-09-24 01:56:39.000'),
  (473, 25, 26, 5.27987561, N'2025-09-24 15:54:12.000'),
  (474, 25, 44, 5.61051327, N'2025-09-24 19:38:27.000'),
  (475, 25, 46, 6.39904617, N'2025-09-24 22:44:25.000'),
  (476, 25, 5, 7.15774507, N'2025-09-25 02:22:21.000'),
  (477, 25, 49, 7.52498146, N'2025-09-25 06:51:13.000'),
  (478, 25, 17, 8.00450284, N'2025-09-25 09:13:34.000'),
  (479, 25, 37, 8.63708895, N'2025-09-25 10:47:25.000'),
  (480, 25, 41, 9.22665909, N'2025-09-25 11:34:08.000'),
  (481, 25, 26, 10.31162431, N'2025-09-25 12:36:01.000'),
  (482, 25, 15, 11.35057292, N'2025-09-25 19:01:30.000'),
  (483, 25, 7, 12.68231084, N'2025-09-26 06:34:20.000'),
  (484, 25, 39, 14.13903597, N'2025-09-26 07:53:10.000'),
  (485, 25, 50, 15.06033498, N'2025-09-26 09:24:19.000'),
  (486, 25, 46, 16.88103958, N'2025-09-26 10:57:39.000'),
  (487, 25, 17, 18.95516877, N'2025-09-26 14:39:48.000'),
  (488, 26, 15, 3.88868914, N'2025-09-29 18:22:58.000'),
  (489, 26, 26, 4.30837195, N'2025-09-29 18:43:16.000'),
  (490, 26, 6, 4.74494595, N'2025-09-29 22:45:43.000'),
  (491, 26, 22, 5.02499542, N'2025-09-30 01:23:22.000'),
  (492, 26, 17, 5.56791783, N'2025-09-30 07:48:29.000'),
  (493, 26, 41, 5.89946309, N'2025-09-30 08:44:29.000'),
  (494, 26, 39, 6.40773414, N'2025-09-30 10:35:22.000'),
  (495, 26, 7, 7.29424138, N'2025-09-30 19:32:46.000'),
  (496, 26, 49, 7.73828127, N'2025-09-30 20:52:17.000'),
  (497, 26, 21, 8.38101276, N'2025-09-30 21:08:56.000'),
  (498, 26, 31, 9.35224015, N'2025-10-01 02:15:46.000'),
  (499, 26, 28, 10.59651416, N'2025-10-01 02:19:34.000'),
  (500, 26, 21, 12.15916953, N'2025-10-01 06:27:14.000'),
  (501, 26, 26, 13.92895356, N'2025-10-01 09:40:54.000'),
  (502, 26, 7, 15.19106892, N'2025-10-01 20:37:13.000'),
  (503, 26, 35, 16.1578965, N'2025-10-02 06:46:48.000'),
  (504, 26, 27, 17.46175037, N'2025-10-02 07:07:57.000'),
  (505, 26, 21, 19.55773479, N'2025-10-02 08:31:33.000'),
  (506, 26, 7, 21.80742779, N'2025-10-02 09:40:41.000'),
  (507, 27, 25, 3.17330311, N'2025-09-30 05:10:47.000'),
  (508, 27, 17, 3.40910229, N'2025-09-30 05:48:37.000'),
  (509, 27, 21, 3.86337643, N'2025-09-30 13:39:42.000'),
  (510, 27, 8, 4.25433001, N'2025-09-30 14:43:12.000'),
  (511, 27, 28, 4.87273837, N'2025-10-01 08:54:23.000'),
  (512, 27, 46, 5.43041299, N'2025-10-01 10:41:09.000'),
  (513, 27, 26, 5.74204129, N'2025-10-01 14:03:17.000'),
  (514, 27, 6, 6.37534052, N'2025-10-01 16:19:50.000'),
  (515, 27, 17, 6.97807302, N'2025-10-01 20:44:50.000'),
  (516, 27, 37, 8.01750094, N'2025-10-01 21:23:58.000'),
  (517, 27, 34, 9.16336934, N'2025-10-01 23:54:05.000'),
  (518, 27, 7, 9.98415455, N'2025-10-02 15:38:06.000'),
  (519, 28, 41, 3.33554194, N'2025-09-24 19:21:33.000'),
  (520, 28, 14, 3.56044725, N'2025-09-24 21:54:21.000'),
  (521, 28, 2, 4.06271248, N'2025-09-24 22:01:05.000'),
  (522, 28, 24, 4.56080074, N'2025-09-24 22:35:41.000'),
  (523, 28, 5, 5.17708739, N'2025-09-25 10:56:25.000'),
  (524, 28, 20, 5.9127182, N'2025-09-25 14:55:23.000'),
  (525, 28, 6, 6.32147284, N'2025-09-25 15:18:48.000'),
  (526, 28, 14, 6.76308145, N'2025-09-25 17:02:15.000'),
  (527, 28, 6, 7.11012194, N'2025-09-25 19:39:54.000'),
  (528, 28, 3, 7.73766515, N'2025-09-25 20:30:53.000'),
  (529, 28, 37, 8.24957076, N'2025-09-26 03:30:56.000'),
  (530, 28, 41, 9.26015603, N'2025-09-26 04:58:38.000'),
  (531, 28, 7, 10.38028125, N'2025-09-26 08:44:28.000'),
  (532, 28, 26, 11.63805468, N'2025-09-26 09:49:41.000'),
  (533, 28, 34, 12.69087224, N'2025-09-26 10:50:01.000'),
  (534, 28, 46, 13.82633892, N'2025-09-26 14:13:58.000'),
  (535, 28, 25, 15.49750924, N'2025-09-26 15:29:26.000'),
  (536, 28, 2, 16.63177728, N'2025-09-26 18:53:21.000'),
  (537, 28, 50, 18.62132215, N'2025-09-26 21:18:38.000'),
  (538, 28, 24, 21.08036699, N'2025-09-26 22:55:36.000'),
  (539, 28, 7, 23.26029103, N'2025-09-26 23:34:10.000'),
  (540, 28, 26, 25.17358944, N'2025-09-26 23:40:30.000'),
  (541, 28, 28, 26.70201512, N'2025-09-27 01:39:13.000'),
  (542, 28, 26, 29.19465775, N'2025-09-27 03:06:49.000'),
  (543, 28, 27, 30.89173621, N'2025-09-27 04:38:58.000'),
  (544, 28, 21, 33.92425926, N'2025-09-27 04:51:16.000'),
  (545, 28, 47, 37.2705423, N'2025-09-27 12:05:18.000'),
  (546, 29, 41, 5.14564564, N'2025-09-18 12:20:23.000'),
  (547, 29, 17, 5.50259709, N'2025-09-18 22:35:23.000'),
  (548, 29, 39, 6.1428744, N'2025-09-19 15:52:59.000'),
  (549, 29, 14, 6.56274966, N'2025-09-19 19:21:45.000'),
  (550, 29, 5, 7.11672714, N'2025-09-19 20:45:10.000'),
  (551, 29, 21, 8.0633166, N'2025-09-20 05:24:50.000'),
  (552, 29, 5, 8.97982902, N'2025-09-20 09:30:05.000'),
  (553, 29, 17, 10.14372248, N'2025-09-20 14:22:50.000'),
  (554, 29, 20, 10.96272959, N'2025-09-20 17:36:16.000'),
  (555, 29, 31, 12.03625373, N'2025-09-20 22:48:41.000'),
  (556, 29, 14, 13.00293422, N'2025-09-20 23:01:17.000'),
  (557, 30, 50, 1.75838389, N'2025-09-07 04:51:21.000'),
  (558, 30, 49, 1.93672484, N'2025-09-07 05:57:26.000'),
  (559, 30, 8, 2.21731262, N'2025-09-07 12:27:43.000'),
  (560, 30, 26, 2.53285904, N'2025-09-07 14:43:40.000'),
  (561, 30, 22, 2.82772396, N'2025-09-07 21:10:35.000'),
  (562, 30, 3, 3.18983091, N'2025-09-07 21:44:02.000'),
  (563, 30, 28, 3.46948707, N'2025-09-08 04:48:36.000'),
  (564, 30, 24, 3.74913018, N'2025-09-08 05:40:58.000'),
  (565, 30, 29, 4.25295836, N'2025-09-08 06:16:06.000'),
  (566, 30, 17, 4.84131766, N'2025-09-08 06:17:04.000'),
  (567, 30, 27, 5.28487881, N'2025-09-08 09:49:41.000'),
  (568, 30, 17, 6.05221388, N'2025-09-08 13:19:56.000'),
  (569, 30, 50, 6.80052106, N'2025-09-08 16:35:04.000'),
  (570, 30, 6, 7.69395886, N'2025-09-09 00:27:02.000'),
  (571, 30, 31, 8.33319986, N'2025-09-09 08:08:06.000'),
  (572, 30, 34, 8.93461392, N'2025-09-09 12:30:16.000'),
  (573, 30, 41, 9.45987379, N'2025-09-09 15:05:34.000'),
  (574, 30, 29, 10.3728715, N'2025-09-09 21:01:16.000'),
  (575, 31, 34, 4.33857209, N'2025-09-29 00:25:41.000'),
  (576, 31, 41, 4.59999393, N'2025-09-29 02:50:11.000'),
  (577, 31, 37, 4.93682197, N'2025-09-29 03:39:27.000'),
  (578, 31, 31, 5.33171739, N'2025-09-29 04:07:49.000'),
  (579, 31, 17, 5.67616428, N'2025-09-29 05:13:14.000'),
  (580, 31, 21, 6.47384849, N'2025-09-29 06:36:06.000'),
  (581, 31, 27, 7.4027692, N'2025-09-29 13:13:34.000'),
  (582, 31, 46, 8.38467564, N'2025-09-29 13:31:26.000'),
  (583, 31, 46, 8.83912672, N'2025-09-29 16:40:26.000'),
  (584, 31, 20, 10.02498068, N'2025-09-29 16:56:15.000'),
  (585, 31, 48, 10.94177845, N'2025-09-29 18:28:30.000'),
  (586, 31, 20, 12.28866384, N'2025-09-29 19:56:56.000'),
  (587, 31, 20, 13.09228592, N'2025-09-29 21:36:29.000'),
  (588, 31, 22, 14.14747691, N'2025-09-29 23:15:03.000'),
  (589, 31, 49, 16.14511102, N'2025-09-30 02:40:35.000'),
  (590, 31, 8, 18.39469354, N'2025-09-30 05:18:54.000'),
  (591, 31, 7, 19.95709601, N'2025-09-30 07:59:50.000'),
  (592, 31, 41, 22.2013184, N'2025-09-30 16:50:08.000'),
  (593, 31, 50, 23.41671491, N'2025-10-01 02:11:37.000'),
  (594, 31, 37, 24.75921446, N'2025-10-01 05:12:31.000'),
  (595, 31, 7, 26.49030594, N'2025-10-01 08:39:49.000'),
  (596, 31, 41, 28.3621132, N'2025-10-01 09:02:41.000'),
  (597, 31, 2, 32.4143204, N'2025-10-01 17:08:19.000'),
  (598, 32, 24, 1.36064531, N'2025-09-29 02:22:36.000'),
  (599, 32, 49, 1.44416409, N'2025-09-29 09:58:50.000'),
  (600, 32, 6, 1.59733711, N'2025-09-29 11:29:56.000'),
  (601, 32, 46, 1.74838388, N'2025-09-29 13:40:32.000'),
  (602, 32, 37, 1.97046393, N'2025-09-29 13:43:27.000'),
  (603, 32, 37, 2.13368404, N'2025-09-29 18:38:40.000'),
  (604, 32, 41, 2.33785256, N'2025-09-29 21:13:48.000'),
  (605, 32, 3, 2.67938306, N'2025-09-30 03:39:17.000'),
  (606, 32, 35, 2.8930083, N'2025-09-30 04:54:17.000'),
  (607, 32, 26, 3.17335819, N'2025-09-30 09:01:09.000'),
  (608, 32, 41, 3.59249904, N'2025-10-01 04:20:26.000'),
  (609, 32, 2, 3.94143467, N'2025-10-01 04:58:23.000'),
  (610, 32, 37, 4.528915, N'2025-10-01 08:04:43.000'),
  (611, 32, 7, 4.96691703, N'2025-10-01 08:30:33.000'),
  (612, 32, 5, 5.60123924, N'2025-10-01 13:10:33.000'),
  (613, 32, 26, 6.34452542, N'2025-10-01 13:49:17.000'),
  (614, 32, 22, 6.9499263, N'2025-10-01 13:52:33.000'),
  (615, 33, 21, 4.20064955, N'2025-08-23 07:47:30.000'),
  (616, 33, 14, 4.62408414, N'2025-08-23 09:27:38.000'),
  (617, 33, 8, 4.93094164, N'2025-08-23 17:37:15.000'),
  (618, 33, 31, 5.22464777, N'2025-08-23 19:47:04.000'),
  (619, 33, 44, 5.85214406, N'2025-08-23 23:00:56.000'),
  (620, 33, 28, 6.59096327, N'2025-08-24 03:52:37.000'),
  (621, 33, 3, 6.94854557, N'2025-08-24 04:05:27.000'),
  (622, 33, 31, 7.5934076, N'2025-08-24 05:49:11.000'),
  (623, 33, 47, 8.03880678, N'2025-08-24 08:54:46.000'),
  (624, 33, 27, 8.73796237, N'2025-08-24 09:30:49.000'),
  (625, 33, 15, 9.98112208, N'2025-08-24 11:16:27.000'),
  (626, 33, 49, 10.88058749, N'2025-08-24 12:00:02.000'),
  (627, 33, 46, 11.68928518, N'2025-08-24 15:18:29.000'),
  (628, 33, 31, 12.69313176, N'2025-08-24 22:58:38.000'),
  (629, 33, 21, 14.32962891, N'2025-08-25 02:24:18.000'),
  (630, 33, 27, 16.43733857, N'2025-08-25 02:51:31.000'),
  (631, 33, 39, 18.7764749, N'2025-08-25 05:20:02.000'),
  (632, 33, 3, 21.54094216, N'2025-08-25 05:44:13.000'),
  (633, 33, 28, 23.41903649, N'2025-08-25 06:23:02.000'),
  (634, 33, 22, 26.7272014, N'2025-08-25 06:49:43.000'),
  (635, 33, 49, 29.89866455, N'2025-08-25 07:57:19.000'),
  (636, 33, 7, 31.49654117, N'2025-08-25 15:16:00.000'),
  (637, 33, 35, 33.10014482, N'2025-08-25 16:29:37.000'),
  (638, 33, 7, 37.69968463, N'2025-08-25 18:55:03.000'),
  (639, 33, 28, 39.87497206, N'2025-08-26 02:58:16.000'),
  (640, 34, 6, 1.58565228, N'2025-09-25 05:12:28.000'),
  (641, 34, 5, 1.7204671, N'2025-09-25 21:04:54.000'),
  (642, 34, 8, 1.93738306, N'2025-09-25 23:05:45.000'),
  (643, 34, 6, 2.21971769, N'2025-09-26 02:14:03.000'),
  (644, 34, 39, 2.42009546, N'2025-09-26 13:35:23.000'),
  (645, 34, 14, 2.56846946, N'2025-09-26 16:13:30.000'),
  (646, 34, 28, 2.9002507, N'2025-09-26 21:08:08.000'),
  (647, 34, 37, 3.14484334, N'2025-09-27 00:30:06.000'),
  (648, 34, 21, 3.41385447, N'2025-09-27 02:21:05.000'),
  (649, 34, 41, 3.88740583, N'2025-09-27 10:05:33.000'),
  (650, 34, 5, 4.17776491, N'2025-09-27 17:05:57.000'),
  (651, 34, 8, 4.57368659, N'2025-09-27 21:06:13.000'),
  (652, 34, 44, 5.1572494, N'2025-09-27 21:47:33.000'),
  (653, 35, 5, 2.36713734, N'2025-09-10 13:07:38.000'),
  (654, 35, 17, 2.61681989, N'2025-09-10 13:26:33.000'),
  (655, 35, 48, 2.94097695, N'2025-09-10 16:29:40.000'),
  (656, 35, 7, 3.08855066, N'2025-09-10 20:49:21.000'),
  (657, 35, 14, 3.29302997, N'2025-09-10 20:54:43.000'),
  (658, 35, 20, 3.68029986, N'2025-09-10 21:16:50.000'),
  (659, 35, 8, 3.93593574, N'2025-09-10 22:21:35.000'),
  (660, 35, 41, 4.4654724, N'2025-09-10 23:48:24.000'),
  (661, 35, 22, 4.83494316, N'2025-09-11 03:04:38.000'),
  (662, 35, 27, 5.26890517, N'2025-09-11 07:35:33.000'),
  (663, 35, 48, 5.93981814, N'2025-09-11 10:52:28.000'),
  (664, 35, 39, 6.31635769, N'2025-09-11 11:46:03.000'),
  (665, 35, 49, 7.07466898, N'2025-09-11 12:48:48.000'),
  (666, 35, 35, 7.47099843, N'2025-09-11 13:33:50.000'),
  (667, 35, 27, 8.05889167, N'2025-09-11 18:08:32.000'),
  (668, 35, 6, 9.07603193, N'2025-09-11 21:01:53.000'),
  (669, 35, 21, 10.10358294, N'2025-09-11 23:57:10.000'),
  (670, 35, 15, 11.13785555, N'2025-09-12 09:19:29.000'),
  (671, 35, 44, 12.30082535, N'2025-09-12 10:00:10.000'),
  (672, 35, 6, 13.97254384, N'2025-09-12 10:38:38.000'),
  (673, 35, 14, 15.14082412, N'2025-09-12 11:18:12.000'),
  (674, 35, 5, 16.78021951, N'2025-09-12 12:25:01.000'),
  (675, 35, 7, 17.66891945, N'2025-09-12 23:02:27.000'),
  (676, 35, 37, 18.8587121, N'2025-09-13 03:31:07.000'),
  (677, 35, 17, 21.12925441, N'2025-09-13 04:21:30.000'),
  (678, 36, 20, 2.82402778, N'2025-08-31 07:23:56.000'),
  (679, 36, 5, 3.18273386, N'2025-08-31 07:44:25.000'),
  (680, 36, 7, 3.52875281, N'2025-08-31 11:33:17.000'),
  (681, 36, 27, 3.98453146, N'2025-08-31 20:31:20.000'),
  (682, 36, 6, 4.51354983, N'2025-09-01 05:50:56.000'),
  (683, 36, 37, 4.91634485, N'2025-09-01 10:39:11.000'),
  (684, 36, 25, 5.30473496, N'2025-09-01 13:53:23.000'),
  (685, 36, 29, 5.77823631, N'2025-09-01 17:04:34.000'),
  (686, 36, 3, 6.13447832, N'2025-09-01 18:39:23.000'),
  (687, 36, 29, 6.44458947, N'2025-09-01 19:03:52.000'),
  (688, 36, 31, 7.08001919, N'2025-09-01 20:51:04.000'),
  (689, 36, 50, 7.83903633, N'2025-09-01 22:46:31.000'),
  (690, 36, 25, 8.31600958, N'2025-09-02 00:04:26.000'),
  (691, 36, 50, 9.37568995, N'2025-09-02 02:45:37.000'),
  (692, 36, 37, 10.69294532, N'2025-09-02 15:06:02.000'),
  (693, 36, 27, 11.43382868, N'2025-09-02 19:16:30.000'),
  (694, 36, 25, 12.43081839, N'2025-09-03 00:46:34.000'),
  (695, 37, 14, 1.12850025, N'2025-08-09 19:13:45.000'),
  (696, 37, 5, 1.2567027, N'2025-08-09 19:14:48.000'),
  (697, 37, 7, 1.33449756, N'2025-08-09 21:13:38.000'),
  (698, 37, 34, 1.52323416, N'2025-08-10 01:25:39.000'),
  (699, 37, 31, 1.7014704, N'2025-08-10 03:16:23.000'),
  (700, 37, 5, 1.83821871, N'2025-08-10 03:36:49.000'),
  (701, 37, 44, 1.9605048, N'2025-08-10 05:37:04.000'),
  (702, 37, 8, 2.14346379, N'2025-08-10 14:28:20.000'),
  (703, 37, 31, 2.40280936, N'2025-08-10 22:18:14.000'),
  (704, 37, 28, 2.54076618, N'2025-08-11 03:59:21.000'),
  (705, 37, 20, 2.6957949, N'2025-08-11 05:23:02.000'),
  (706, 37, 44, 2.86969372, N'2025-08-11 06:02:29.000'),
  (707, 37, 48, 3.14627483, N'2025-08-11 10:11:47.000'),
  (708, 37, 22, 3.34442154, N'2025-08-11 10:58:40.000'),
  (709, 37, 29, 3.51415592, N'2025-08-11 15:10:31.000'),
  (710, 37, 41, 3.75364324, N'2025-08-11 19:00:38.000'),
  (711, 37, 20, 4.13289798, N'2025-08-11 19:40:45.000'),
  (712, 37, 48, 4.54421727, N'2025-08-11 19:54:59.000'),
  (713, 37, 46, 5.15973669, N'2025-08-11 23:15:53.000'),
  (714, 37, 39, 5.49917012, N'2025-08-12 00:08:43.000'),
  (715, 37, 5, 5.95932284, N'2025-08-12 03:44:57.000'),
  (716, 37, 20, 6.37997698, N'2025-08-12 04:24:56.000'),
  (717, 37, 26, 6.82474536, N'2025-08-12 07:38:38.000'),
  (718, 37, 26, 7.41493073, N'2025-08-12 08:54:02.000'),
  (719, 37, 26, 8.10751893, N'2025-08-12 09:43:28.000'),
  (720, 37, 48, 8.76001622, N'2025-08-12 10:28:07.000'),
  (721, 37, 24, 9.73696154, N'2025-08-12 14:07:09.000'),
  (722, 38, 3, 3.14471664, N'2025-09-28 21:12:57.000'),
  (723, 38, 35, 3.45473378, N'2025-09-29 04:28:59.000'),
  (724, 38, 27, 3.84631846, N'2025-09-29 08:19:38.000'),
  (725, 38, 47, 4.13679288, N'2025-09-29 10:59:12.000'),
  (726, 38, 29, 4.50782231, N'2025-09-29 11:40:45.000'),
  (727, 38, 27, 5.12646424, N'2025-09-29 16:40:08.000'),
  (728, 38, 21, 5.47903439, N'2025-09-29 21:25:26.000'),
  (729, 38, 37, 5.95641588, N'2025-09-30 01:58:31.000'),
  (730, 38, 49, 6.50477265, N'2025-09-30 08:02:25.000'),
  (731, 38, 49, 6.86207479, N'2025-09-30 08:37:54.000'),
  (732, 38, 35, 7.38649142, N'2025-09-30 10:19:35.000'),
  (733, 38, 25, 8.19317788, N'2025-09-30 13:41:09.000'),
  (734, 38, 48, 9.18713015, N'2025-09-30 13:48:25.000'),
  (735, 38, 17, 10.16886823, N'2025-09-30 15:20:16.000'),
  (736, 38, 37, 11.61360505, N'2025-09-30 15:35:47.000'),
  (737, 38, 49, 13.34934778, N'2025-09-30 20:35:15.000'),
  (738, 38, 6, 14.87341574, N'2025-09-30 22:45:16.000'),
  (739, 38, 31, 16.27689127, N'2025-10-01 00:20:16.000'),
  (740, 38, 35, 18.53802367, N'2025-10-01 04:35:06.000'),
  (741, 38, 2, 19.92723538, N'2025-10-01 10:43:46.000'),
  (742, 38, 48, 21.89029173, N'2025-10-01 11:50:21.000'),
  (743, 39, 21, 0.70774813, N'2025-09-20 20:25:03.000'),
  (744, 39, 29, 0.74612279, N'2025-09-20 23:02:28.000'),
  (745, 39, 39, 0.84484532, N'2025-09-21 01:58:53.000'),
  (746, 39, 20, 0.89735817, N'2025-09-21 15:46:01.000'),
  (747, 39, 8, 1.02350224, N'2025-09-21 16:17:05.000'),
  (748, 39, 44, 1.13527997, N'2025-09-21 17:06:14.000'),
  (749, 39, 35, 1.23590749, N'2025-09-22 00:19:37.000'),
  (750, 39, 48, 1.30523795, N'2025-09-22 03:15:55.000'),
  (751, 39, 5, 1.46203921, N'2025-09-22 03:16:12.000'),
  (752, 39, 39, 1.60807039, N'2025-09-22 03:24:27.000'),
  (753, 39, 6, 1.72650324, N'2025-09-22 06:04:05.000'),
  (754, 39, 17, 1.95379667, N'2025-09-22 06:11:24.000'),
  (755, 39, 22, 2.20191153, N'2025-09-22 08:13:47.000'),
  (756, 39, 37, 2.35186359, N'2025-09-22 09:12:36.000'),
  (757, 39, 15, 2.68514053, N'2025-09-22 11:45:16.000'),
  (758, 39, 50, 2.99025589, N'2025-09-22 13:29:33.000'),
  (759, 39, 14, 3.36944315, N'2025-09-22 13:41:53.000'),
  (760, 39, 22, 3.59192837, N'2025-09-22 14:20:57.000'),
  (761, 39, 48, 3.81743808, N'2025-09-22 19:16:42.000'),
  (762, 39, 14, 4.18093383, N'2025-09-22 23:56:08.000'),
  (763, 39, 37, 4.66276502, N'2025-09-23 00:28:17.000'),
  (764, 39, 35, 4.94200532, N'2025-09-23 01:17:55.000'),
  (765, 39, 8, 5.20853858, N'2025-09-23 08:29:23.000'),
  (766, 39, 31, 5.47628414, N'2025-09-23 09:22:30.000'),
  (767, 39, 20, 5.99072237, N'2025-09-23 13:59:57.000'),
  (768, 39, 8, 6.59749004, N'2025-09-23 15:06:05.000'),
  (769, 40, 44, 5.84922363, N'2025-09-21 03:01:24.000'),
  (770, 40, 3, 6.2489724, N'2025-09-21 03:08:18.000'),
  (771, 40, 15, 6.97925438, N'2025-09-21 13:20:36.000'),
  (772, 40, 2, 7.33246741, N'2025-09-21 14:01:33.000'),
  (773, 40, 26, 7.91602512, N'2025-09-21 16:57:46.000'),
  (774, 40, 31, 8.45862775, N'2025-09-22 12:36:10.000'),
  (775, 40, 44, 9.49423109, N'2025-09-22 15:59:42.000'),
  (776, 40, 5, 9.99797147, N'2025-09-23 01:55:32.000'),
  (777, 40, 48, 11.22449428, N'2025-09-23 06:50:19.000'),
  (778, 40, 21, 12.51280758, N'2025-09-23 06:56:56.000'),
  (779, 40, 31, 14.3695806, N'2025-09-23 07:58:14.000'),
  (780, 40, 48, 15.19715805, N'2025-09-23 14:35:11.000'),
  (781, 40, 31, 16.62556911, N'2025-09-23 15:29:28.000'),
  (782, 40, 24, 17.59139203, N'2025-09-23 16:58:48.000'),
  (783, 41, 44, 1.41996403, N'2025-09-30 04:26:59.000'),
  (784, 41, 14, 1.58866405, N'2025-09-30 04:42:27.000'),
  (785, 41, 5, 1.70685343, N'2025-09-30 12:35:22.000'),
  (786, 41, 21, 1.86130911, N'2025-09-30 23:09:17.000'),
  (787, 41, 48, 2.05452737, N'2025-09-30 23:09:26.000'),
  (788, 41, 28, 2.21538474, N'2025-10-01 06:08:31.000'),
  (789, 41, 6, 2.43355328, N'2025-10-01 08:13:41.000'),
  (790, 41, 50, 2.6390309, N'2025-10-01 13:48:12.000'),
  (791, 41, 21, 2.83989917, N'2025-10-01 13:54:02.000'),
  (792, 41, 15, 3.09058125, N'2025-10-01 16:28:40.000'),
  (793, 41, 49, 3.46000914, N'2025-10-01 17:33:43.000'),
  (794, 41, 39, 3.77920457, N'2025-10-01 21:46:08.000'),
  (795, 41, 24, 4.29460604, N'2025-10-02 02:02:40.000'),
  (796, 41, 17, 4.87749615, N'2025-10-02 05:27:00.000'),
  (797, 41, 6, 5.53046049, N'2025-10-02 05:28:03.000'),
  (798, 41, 5, 6.30419058, N'2025-10-02 14:08:10.000'),
  (799, 41, 49, 6.62813005, N'2025-10-02 23:18:46.000'),
  (800, 41, 24, 7.1437736, N'2025-10-03 00:12:33.000'),
  (801, 41, 47, 8.08482583, N'2025-10-03 00:31:11.000'),
  (802, 43, 26, 1.87230562, N'2025-09-27 09:11:36.000'),
  (803, 43, 47, 1.98868717, N'2025-09-27 10:52:37.000'),
  (804, 43, 6, 2.15950821, N'2025-09-27 17:55:35.000'),
  (805, 43, 20, 2.27859361, N'2025-09-27 19:52:40.000'),
  (806, 43, 20, 2.40934482, N'2025-09-27 20:11:56.000'),
  (807, 43, 29, 2.66215463, N'2025-09-27 21:04:06.000'),
  (808, 43, 17, 3.03925829, N'2025-09-28 01:06:27.000'),
  (809, 43, 21, 3.39736002, N'2025-09-28 06:49:50.000'),
  (810, 43, 8, 3.76232719, N'2025-09-28 08:17:12.000'),
  (811, 43, 41, 4.17806692, N'2025-09-28 09:42:22.000'),
  (812, 43, 50, 4.38994103, N'2025-09-28 10:12:37.000'),
  (813, 43, 28, 4.73573469, N'2025-09-28 12:31:21.000'),
  (814, 43, 41, 5.37948759, N'2025-09-28 13:35:54.000'),
  (815, 43, 35, 6.02164489, N'2025-09-28 14:02:50.000'),
  (816, 43, 25, 6.74964155, N'2025-09-28 14:42:56.000'),
  (817, 43, 41, 7.38633677, N'2025-09-28 15:57:36.000'),
  (818, 43, 37, 8.29278092, N'2025-09-28 17:22:52.000'),
  (819, 43, 46, 9.26423063, N'2025-09-29 00:15:01.000'),
  (820, 43, 31, 10.47541212, N'2025-09-29 01:52:50.000'),
  (821, 43, 8, 11.56454027, N'2025-09-29 06:53:04.000'),
  (822, 43, 22, 13.26223546, N'2025-09-29 09:49:40.000'),
  (823, 43, 22, 15.05587124, N'2025-09-29 14:05:49.000'),
  (824, 43, 48, 16.00861094, N'2025-09-29 15:00:03.000'),
  (825, 43, 21, 18.07656758, N'2025-09-29 17:56:05.000'),
  (826, 43, 15, 20.44637919, N'2025-09-29 22:54:26.000'),
  (827, 43, 24, 21.84799523, N'2025-09-30 00:02:47.000'),
  (828, 43, 47, 23.159496, N'2025-09-30 01:09:11.000'),
  (829, 44, 7, 3.74833808, N'2025-09-25 19:32:19.000'),
  (830, 44, 26, 4.19242614, N'2025-09-25 19:58:01.000'),
  (831, 44, 46, 4.78378383, N'2025-09-25 22:56:08.000'),
  (832, 44, 6, 5.24798374, N'2025-09-26 01:50:19.000'),
  (833, 44, 31, 5.57399348, N'2025-09-26 02:49:04.000'),
  (834, 44, 39, 6.10697665, N'2025-09-26 09:12:00.000'),
  (835, 44, 15, 6.69691937, N'2025-09-26 10:46:48.000'),
  (836, 44, 6, 7.69017363, N'2025-09-26 13:26:19.000'),
  (837, 44, 35, 8.20877123, N'2025-09-26 15:39:31.000'),
  (838, 44, 46, 8.80078397, N'2025-09-26 19:36:16.000'),
  (839, 44, 49, 9.86118741, N'2025-09-26 22:08:18.000'),
  (840, 44, 14, 10.80975622, N'2025-09-27 01:06:04.000'),
  (841, 44, 2, 11.48780107, N'2025-09-27 04:55:49.000'),
  (842, 44, 48, 12.4797461, N'2025-09-27 10:19:08.000'),
  (843, 44, 7, 13.54825335, N'2025-09-27 10:35:47.000'),
  (844, 44, 17, 14.51358758, N'2025-09-27 23:33:16.000'),
  (845, 46, 48, 1.72662176, N'2025-09-22 12:37:23.000'),
  (846, 46, 48, 1.92848014, N'2025-09-22 18:10:41.000'),
  (847, 46, 44, 2.08021443, N'2025-09-23 01:59:16.000'),
  (848, 46, 3, 2.28060302, N'2025-09-23 02:09:40.000'),
  (849, 46, 29, 2.56879299, N'2025-09-23 03:53:26.000'),
  (850, 46, 21, 2.73844606, N'2025-09-23 07:53:52.000'),
  (851, 46, 29, 3.03205692, N'2025-09-23 07:58:23.000'),
  (852, 46, 22, 3.34103179, N'2025-09-23 11:06:25.000'),
  (853, 46, 41, 3.57015886, N'2025-09-23 11:49:28.000'),
  (854, 46, 5, 3.79481205, N'2025-09-23 12:48:10.000'),
  (855, 46, 17, 4.08400295, N'2025-09-23 13:40:23.000'),
  (856, 46, 5, 4.45014955, N'2025-09-23 13:42:19.000'),
  (857, 46, 17, 4.83053551, N'2025-09-23 16:34:27.000'),
  (858, 46, 3, 5.18328896, N'2025-09-23 18:10:40.000'),
  (859, 46, 26, 5.93411182, N'2025-09-23 22:55:33.000'),
  (860, 46, 34, 6.40567315, N'2025-09-24 04:40:57.000'),
  (861, 46, 34, 7.31647848, N'2025-09-24 08:55:25.000'),
  (862, 46, 37, 7.76113176, N'2025-09-24 09:17:51.000'),
  (863, 46, 34, 8.45342542, N'2025-09-24 19:16:47.000'),
  (864, 46, 29, 9.42770322, N'2025-09-24 22:02:07.000'),
  (865, 46, 22, 10.48079107, N'2025-09-24 22:58:17.000'),
  (866, 47, 2, 2.09825372, N'2025-09-30 08:14:07.000'),
  (867, 47, 31, 2.22351867, N'2025-09-30 11:22:49.000'),
  (868, 47, 22, 2.43277251, N'2025-09-30 15:02:06.000'),
  (869, 47, 26, 2.79312437, N'2025-09-30 15:35:20.000'),
  (870, 47, 28, 3.19791897, N'2025-09-30 20:18:56.000'),
  (871, 47, 8, 3.64403234, N'2025-09-30 23:48:01.000'),
  (872, 47, 8, 3.89320591, N'2025-10-01 06:11:07.000'),
  (873, 47, 39, 4.44782132, N'2025-10-01 14:29:06.000'),
  (874, 47, 20, 4.74171418, N'2025-10-01 15:27:25.000'),
  (875, 47, 24, 5.09753441, N'2025-10-02 00:52:13.000'),
  (876, 47, 28, 5.3623661, N'2025-10-02 10:03:24.000'),
  (877, 47, 14, 5.93704708, N'2025-10-02 20:06:34.000'),
  (878, 47, 46, 6.4191537, N'2025-10-02 20:53:08.000'),
  (879, 47, 8, 6.8678114, N'2025-10-03 06:29:23.000'),
  (880, 48, 29, 0.65147617, N'2025-09-30 23:57:28.000'),
  (881, 48, 20, 0.71593839, N'2025-10-01 04:13:52.000'),
  (882, 48, 28, 0.7960302, N'2025-10-01 04:50:08.000'),
  (883, 48, 34, 0.86232467, N'2025-10-01 16:48:27.000'),
  (884, 48, 22, 0.92966308, N'2025-10-01 20:46:07.000'),
  (885, 48, 24, 0.98444443, N'2025-10-02 02:28:52.000'),
  (886, 48, 14, 1.10546302, N'2025-10-02 10:21:59.000'),
  (887, 48, 22, 1.21638549, N'2025-10-02 14:38:00.000'),
  (888, 48, 14, 1.33192436, N'2025-10-02 16:43:50.000'),
  (889, 48, 14, 1.41080531, N'2025-10-02 19:05:39.000'),
  (890, 48, 35, 1.59023802, N'2025-10-02 22:38:13.000'),
  (891, 48, 2, 1.69099842, N'2025-10-03 08:38:51.000'),
  (892, 48, 22, 1.80366652, N'2025-10-03 08:42:51.000'),
  (893, 48, 7, 1.93156287, N'2025-10-03 13:33:39.000'),
  (894, 48, 15, 2.13751297, N'2025-10-03 14:54:43.000'),
  (895, 48, 21, 2.29261424, N'2025-10-03 19:35:06.000'),
  (896, 50, 25, 3.58814671, N'2025-09-17 16:22:32.000'),
  (897, 50, 14, 4.01865356, N'2025-09-17 21:39:43.000'),
  (898, 50, 49, 4.39079622, N'2025-09-17 23:51:47.000'),
  (899, 50, 6, 4.64114337, N'2025-09-18 01:04:17.000'),
  (900, 50, 34, 5.32499272, N'2025-09-18 17:01:12.000'),
  (901, 50, 7, 5.94352205, N'2025-09-18 20:49:08.000'),
  (902, 50, 46, 6.48296506, N'2025-09-18 21:25:36.000'),
  (903, 50, 15, 6.87008698, N'2025-09-19 04:57:39.000'),
  (904, 50, 50, 7.35429313, N'2025-09-19 13:20:33.000'),
  (905, 50, 22, 7.75418598, N'2025-09-19 15:04:45.000'),
  (906, 50, 28, 8.33159892, N'2025-09-19 15:30:43.000'),
  (907, 50, 24, 9.36671244, N'2025-09-19 19:18:46.000'),
  (908, 50, 28, 9.89868288, N'2025-09-19 22:54:45.000'),
  (909, 51, 34, 1.93429127, N'2025-05-25 00:39:24.000'),
  (910, 51, 20, 2.16474264, N'2025-05-25 00:53:02.000'),
  (911, 51, 28, 2.48720371, N'2025-05-25 02:12:31.000'),
  (912, 51, 15, 2.84964185, N'2025-05-25 02:16:17.000'),
  (913, 51, 24, 3.25129223, N'2025-05-25 09:41:49.000'),
  (914, 51, 28, 3.42514126, N'2025-05-25 10:21:44.000'),
  (915, 51, 48, 3.7989352, N'2025-05-25 12:01:28.000'),
  (916, 51, 49, 4.04961178, N'2025-05-25 12:01:42.000'),
  (917, 51, 15, 4.4698787, N'2025-05-25 12:52:28.000'),
  (918, 51, 35, 5.0647238, N'2025-05-25 13:46:18.000'),
  (919, 51, 24, 5.38972038, N'2025-05-25 14:48:55.000'),
  (920, 51, 29, 5.90826745, N'2025-05-25 23:02:12.000'),
  (921, 51, 47, 6.53424612, N'2025-05-26 02:58:06.000'),
  (922, 51, 35, 6.86279038, N'2025-05-26 04:51:22.000'),
  (923, 51, 47, 7.8295455, N'2025-05-26 05:48:45.000'),
  (924, 51, 44, 8.26462029, N'2025-05-26 09:08:56.000'),
  (925, 51, 37, 8.91543242, N'2025-05-26 09:43:57.000'),
  (926, 51, 37, 9.68248436, N'2025-05-26 12:07:39.000'),
  (927, 51, 2, 10.91594424, N'2025-05-26 15:47:26.000'),
  (928, 51, 46, 11.60045643, N'2025-05-26 15:47:40.000'),
  (929, 51, 20, 12.70853461, N'2025-05-26 16:19:29.000'),
  (930, 51, 21, 13.88591931, N'2025-05-26 22:03:24.000'),
  (931, 51, 6, 15.25375721, N'2025-05-27 00:49:22.000'),
  (932, 51, 31, 16.94285542, N'2025-05-27 03:44:49.000'),
  (933, 51, 17, 17.82756902, N'2025-05-27 06:52:13.000'),
  (934, 51, 50, 19.04201778, N'2025-05-27 07:02:49.000'),
  (935, 51, 8, 20.40254809, N'2025-05-27 13:31:20.000'),
  (936, 51, 47, 21.57387787, N'2025-05-27 13:38:20.000'),
  (937, 51, 7, 22.80230824, N'2025-05-27 16:16:10.000'),
  (938, 52, 50, 4.39698856, N'2025-09-26 18:45:07.000'),
  (939, 52, 29, 4.64175846, N'2025-09-26 22:32:58.000'),
  (940, 52, 39, 5.04146355, N'2025-09-27 00:15:39.000'),
  (941, 52, 34, 5.42012274, N'2025-09-27 05:00:40.000'),
  (942, 52, 6, 5.86705132, N'2025-09-27 06:47:41.000'),
  (943, 52, 17, 6.17674059, N'2025-09-27 11:46:41.000'),
  (944, 52, 26, 6.65857712, N'2025-09-27 11:47:17.000'),
  (945, 52, 17, 7.3628491, N'2025-09-27 18:11:46.000'),
  (946, 52, 15, 8.08657172, N'2025-09-27 22:58:13.000'),
  (947, 52, 39, 8.81514337, N'2025-09-28 01:29:29.000'),
  (948, 52, 41, 9.77530492, N'2025-09-28 02:30:26.000'),
  (949, 52, 8, 10.41605439, N'2025-09-28 03:05:11.000'),
  (950, 52, 44, 11.8121072, N'2025-09-28 04:13:05.000'),
  (951, 52, 24, 13.56106385, N'2025-09-28 10:32:54.000'),
  (952, 52, 46, 15.29636177, N'2025-09-28 18:41:32.000'),
  (953, 52, 28, 17.05937092, N'2025-09-28 20:51:35.000'),
  (954, 52, 39, 18.62082619, N'2025-09-29 01:36:38.000'),
  (955, 52, 15, 20.55736695, N'2025-09-29 03:31:01.000'),
  (956, 52, 3, 21.97331889, N'2025-09-29 07:20:13.000'),
  (957, 53, 47, 4.06596836, N'2025-10-01 00:55:40.000'),
  (958, 53, 15, 4.57495563, N'2025-10-01 01:08:21.000'),
  (959, 53, 26, 5.01126834, N'2025-10-01 02:09:58.000'),
  (960, 53, 25, 5.33203485, N'2025-10-01 03:01:22.000'),
  (961, 53, 44, 6.03549885, N'2025-10-01 03:50:17.000'),
  (962, 53, 8, 6.70862703, N'2025-10-01 06:35:28.000'),
  (963, 53, 49, 7.39219527, N'2025-10-01 10:08:25.000'),
  (964, 53, 14, 8.28962033, N'2025-10-01 10:16:01.000'),
  (965, 53, 47, 8.95693935, N'2025-10-01 11:01:45.000'),
  (966, 53, 27, 9.89813515, N'2025-10-01 15:24:57.000'),
  (967, 53, 29, 11.38018537, N'2025-10-01 17:12:00.000'),
  (968, 53, 47, 12.34878925, N'2025-10-01 22:06:58.000'),
  (969, 53, 50, 13.79559528, N'2025-10-01 23:11:43.000'),
  (970, 53, 3, 15.86278668, N'2025-10-02 00:48:25.000'),
  (971, 53, 35, 17.62354864, N'2025-10-02 05:12:18.000'),
  (972, 53, 35, 19.01341708, N'2025-10-02 05:44:17.000'),
  (973, 53, 50, 20.26877353, N'2025-10-02 06:03:50.000'),
  (974, 53, 22, 21.35937174, N'2025-10-02 10:53:25.000'),
  (975, 53, 2, 23.31989164, N'2025-10-02 11:10:03.000'),
  (976, 53, 28, 24.91597606, N'2025-10-03 01:04:01.000'),
  (977, 53, 48, 28.48127015, N'2025-10-03 02:30:54.000'),
  (978, 53, 22, 30.00890804, N'2025-10-03 02:48:53.000'),
  (979, 53, 21, 33.19412279, N'2025-10-03 11:37:49.000'),
  (980, 53, 7, 34.97151509, N'2025-10-03 14:27:06.000'),
  (981, 53, 21, 39.7087635, N'2025-10-03 15:06:55.000'),
  (982, 53, 14, 45.49884132, N'2025-10-03 17:16:36.000'),
  (983, 53, 37, 49.99493688, N'2025-10-03 18:02:52.000'),
  (984, 53, 26, 54.6386121, N'2025-10-03 19:49:13.000'),
  (985, 53, 49, 60.26345421, N'2025-10-03 20:44:39.000'),
  (986, 53, 31, 65.09232451, N'2025-10-03 22:01:25.000'),
  (987, 54, 15, 3.34549417, N'2025-07-25 23:17:18.000'),
  (988, 54, 28, 3.53366733, N'2025-07-26 00:04:37.000'),
  (989, 54, 8, 3.91187854, N'2025-07-26 02:47:31.000'),
  (990, 54, 31, 4.2628961, N'2025-07-26 07:39:17.000'),
  (991, 54, 5, 4.52281626, N'2025-07-26 17:01:16.000'),
  (992, 54, 29, 4.88481866, N'2025-07-26 18:21:37.000'),
  (993, 54, 20, 5.4772485, N'2025-07-26 23:05:12.000'),
  (994, 54, 6, 6.08291998, N'2025-07-27 01:11:08.000'),
  (995, 54, 20, 6.43830568, N'2025-07-27 12:56:51.000'),
  (996, 54, 31, 6.98899047, N'2025-07-27 18:05:14.000'),
  (997, 54, 7, 7.53565714, N'2025-07-28 00:04:36.000'),
  (998, 54, 27, 8.62434481, N'2025-07-28 01:24:00.000'),
  (999, 54, 46, 9.26637693, N'2025-07-28 02:07:14.000'),
  (1000, 54, 21, 10.32275051, N'2025-07-28 02:46:56.000')
  INSERT INTO [auction].[Bid] ([BidId], [AuctionId], [BidderId], [AmountETH], [PlacedAtUtc]) VALUES
  (1001, 54, 31, 10.85238359, N'2025-07-28 03:14:20.000'),
  (1002, 54, 25, 12.32410405, N'2025-07-28 06:47:32.000'),
  (1003, 54, 39, 13.0120417, N'2025-07-28 08:59:03.000'),
  (1004, 54, 8, 13.90930367, N'2025-07-28 10:26:54.000'),
  (1005, 54, 29, 15.7499352, N'2025-07-28 14:01:11.000'),
  (1006, 54, 29, 17.9626684, N'2025-07-28 15:02:15.000'),
  (1007, 54, 47, 20.10261386, N'2025-07-28 16:13:46.000'),
  (1008, 54, 6, 22.93994507, N'2025-07-28 21:01:03.000'),
  (1009, 55, 34, 0.28663042, N'2025-09-22 03:15:33.000'),
  (1010, 55, 49, 0.31791266, N'2025-09-22 03:26:32.000'),
  (1011, 55, 24, 0.3437036, N'2025-09-22 07:14:12.000'),
  (1012, 55, 2, 0.39395587, N'2025-09-22 09:45:01.000'),
  (1013, 55, 48, 0.43055171, N'2025-09-22 12:21:17.000'),
  (1014, 55, 48, 0.46568943, N'2025-09-22 14:28:12.000'),
  (1015, 55, 37, 0.49655836, N'2025-09-22 18:11:54.000'),
  (1016, 55, 44, 0.54698447, N'2025-09-22 20:40:17.000'),
  (1017, 55, 26, 0.59009497, N'2025-09-22 21:22:31.000'),
  (1018, 55, 27, 0.65930937, N'2025-09-23 00:34:55.000'),
  (1019, 55, 24, 0.73234959, N'2025-09-23 00:42:24.000'),
  (1020, 55, 31, 0.8364802, N'2025-09-23 04:24:57.000'),
  (1021, 55, 20, 0.90671627, N'2025-09-23 10:41:32.000'),
  (1022, 55, 7, 1.03003233, N'2025-09-24 02:13:41.000'),
  (1023, 55, 22, 1.17905368, N'2025-09-24 12:57:54.000'),
  (1024, 55, 41, 1.23977157, N'2025-09-24 19:16:51.000'),
  (1025, 55, 26, 1.3505097, N'2025-09-24 20:13:51.000'),
  (1026, 55, 8, 1.52989028, N'2025-09-24 21:02:09.000'),
  (1027, 55, 29, 1.73439136, N'2025-09-24 21:05:16.000'),
  (1028, 56, 17, 1.71459853, N'2025-09-30 09:17:27.000'),
  (1029, 56, 39, 1.83666421, N'2025-10-01 17:43:12.000'),
  (1030, 56, 39, 2.04918826, N'2025-10-01 17:48:29.000'),
  (1031, 56, 47, 2.17798026, N'2025-10-02 04:23:21.000'),
  (1032, 56, 8, 2.37216509, N'2025-10-02 05:15:01.000'),
  (1033, 56, 37, 2.59380311, N'2025-10-02 08:50:29.000'),
  (1034, 56, 3, 2.87869634, N'2025-10-02 20:35:41.000'),
  (1035, 56, 24, 3.10324088, N'2025-10-02 21:42:38.000'),
  (1036, 57, 29, 4.90359194, N'2025-09-25 18:31:18.000'),
  (1037, 57, 22, 5.42880113, N'2025-09-25 22:46:38.000'),
  (1038, 57, 37, 6.0020943, N'2025-09-26 01:00:38.000'),
  (1039, 57, 24, 6.80818663, N'2025-09-26 04:39:24.000'),
  (1040, 57, 15, 7.8012755, N'2025-09-26 08:20:10.000'),
  (1041, 57, 49, 8.55163648, N'2025-09-26 10:48:30.000'),
  (1042, 57, 6, 9.03936405, N'2025-09-26 13:51:01.000'),
  (1043, 57, 5, 10.18933776, N'2025-09-26 14:35:45.000'),
  (1044, 57, 26, 11.24881683, N'2025-09-26 14:50:23.000'),
  (1045, 57, 29, 12.37731183, N'2025-09-26 18:23:36.000'),
  (1046, 57, 2, 13.04416386, N'2025-09-26 22:04:57.000'),
  (1047, 57, 21, 14.60931506, N'2025-09-26 23:29:07.000'),
  (1048, 57, 27, 15.48896792, N'2025-09-27 04:38:18.000'),
  (1049, 57, 25, 16.63117945, N'2025-09-27 05:14:32.000'),
  (1050, 57, 22, 18.8476097, N'2025-09-27 06:57:16.000'),
  (1051, 57, 20, 20.90899089, N'2025-09-27 18:42:51.000'),
  (1052, 57, 50, 23.93817208, N'2025-09-27 19:42:19.000'),
  (1053, 57, 31, 26.22466979, N'2025-09-27 20:00:25.000'),
  (1054, 57, 5, 27.97929893, N'2025-09-27 20:12:10.000'),
  (1055, 57, 6, 31.55829358, N'2025-09-28 12:42:08.000'),
  (1056, 57, 8, 35.24094967, N'2025-09-28 15:18:43.000'),
  (1057, 58, 37, 4.16130333, N'2025-10-01 05:23:35.000'),
  (1058, 58, 27, 4.68295985, N'2025-10-01 07:17:10.000'),
  (1059, 58, 5, 4.93373003, N'2025-10-01 08:31:20.000'),
  (1060, 58, 34, 5.61814479, N'2025-10-01 09:33:17.000'),
  (1061, 58, 48, 6.27801191, N'2025-10-01 12:10:59.000'),
  (1062, 58, 50, 6.63717816, N'2025-10-01 16:49:29.000'),
  (1063, 58, 6, 7.39515892, N'2025-10-01 17:23:02.000'),
  (1064, 58, 41, 8.094403, N'2025-10-01 21:17:57.000'),
  (1065, 58, 35, 8.72618842, N'2025-10-01 22:19:46.000'),
  (1066, 58, 44, 9.87564129, N'2025-10-02 05:44:04.000'),
  (1067, 58, 14, 10.51427722, N'2025-10-02 06:40:51.000'),
  (1068, 58, 15, 11.69521564, N'2025-10-02 07:26:04.000'),
  (1069, 58, 2, 12.41310832, N'2025-10-02 13:32:29.000'),
  (1070, 58, 20, 14.12431556, N'2025-10-02 14:15:43.000'),
  (1071, 58, 35, 15.18467225, N'2025-10-02 16:50:15.000'),
  (1072, 58, 7, 17.03171496, N'2025-10-02 18:02:21.000'),
  (1073, 58, 37, 18.93106525, N'2025-10-02 18:32:15.000'),
  (1074, 58, 49, 19.8894028, N'2025-10-02 18:41:36.000'),
  (1075, 58, 29, 22.5591373, N'2025-10-03 00:32:08.000'),
  (1076, 58, 15, 25.68396725, N'2025-10-03 04:21:09.000'),
  (1077, 59, 28, 0.88803395, N'2025-09-26 05:23:52.000'),
  (1078, 59, 48, 0.94675916, N'2025-09-26 05:57:30.000'),
  (1079, 59, 24, 1.06504138, N'2025-09-26 08:52:43.000'),
  (1080, 59, 39, 1.16481265, N'2025-09-26 15:21:18.000'),
  (1081, 59, 7, 1.31238061, N'2025-09-26 15:30:04.000'),
  (1082, 59, 22, 1.39816374, N'2025-09-26 20:31:10.000'),
  (1083, 59, 39, 1.48910643, N'2025-09-26 23:21:14.000'),
  (1084, 59, 5, 1.56942668, N'2025-09-27 09:57:18.000'),
  (1085, 59, 34, 1.65462103, N'2025-09-27 13:49:39.000'),
  (1086, 59, 39, 1.76469067, N'2025-09-27 14:37:59.000'),
  (1087, 59, 15, 1.92218275, N'2025-09-27 18:02:22.000'),
  (1088, 59, 14, 2.01882508, N'2025-09-27 18:15:11.000'),
  (1089, 59, 39, 2.26562134, N'2025-09-27 21:21:21.000'),
  (1090, 59, 47, 2.47896671, N'2025-09-28 01:18:35.000'),
  (1091, 59, 2, 2.68797789, N'2025-09-28 02:44:20.000'),
  (1092, 59, 3, 3.07156269, N'2025-09-28 04:10:10.000'),
  (1093, 59, 8, 3.37183536, N'2025-09-28 08:39:49.000'),
  (1094, 59, 26, 3.76483339, N'2025-09-28 15:58:40.000'),
  (1095, 59, 8, 4.25493937, N'2025-09-29 00:47:47.000'),
  (1096, 60, 48, 2.24141596, N'2025-08-14 03:15:26.000'),
  (1097, 60, 7, 2.40511776, N'2025-08-14 05:51:16.000'),
  (1098, 60, 28, 2.61763582, N'2025-08-14 13:23:41.000'),
  (1099, 60, 17, 2.81880416, N'2025-08-14 18:40:48.000'),
  (1100, 60, 22, 3.17411104, N'2025-08-15 08:31:31.000'),
  (1101, 60, 21, 3.51702242, N'2025-08-15 12:21:09.000'),
  (1102, 60, 41, 3.95067068, N'2025-08-15 12:33:25.000'),
  (1103, 60, 41, 4.15126863, N'2025-08-15 15:42:34.000'),
  (1104, 60, 27, 4.41823536, N'2025-08-15 16:13:42.000'),
  (1105, 60, 22, 4.89493224, N'2025-08-15 17:15:38.000'),
  (1106, 60, 27, 5.26864182, N'2025-08-16 03:00:52.000'),
  (1107, 60, 20, 5.72611047, N'2025-08-16 05:18:02.000'),
  (1108, 61, 25, 4.44062648, N'2025-09-27 03:25:37.000'),
  (1109, 61, 46, 4.83406501, N'2025-09-27 12:15:20.000'),
  (1110, 61, 34, 5.41595001, N'2025-09-27 21:46:52.000'),
  (1111, 61, 15, 5.68927098, N'2025-09-27 22:09:13.000'),
  (1112, 61, 6, 6.37917124, N'2025-09-27 22:26:54.000'),
  (1113, 61, 28, 7.03537857, N'2025-09-27 23:59:47.000'),
  (1114, 61, 8, 7.5122916, N'2025-09-28 02:35:58.000'),
  (1115, 61, 41, 8.1734456, N'2025-09-28 07:35:39.000'),
  (1116, 61, 50, 8.8949153, N'2025-09-28 08:09:37.000'),
  (1117, 61, 25, 9.38267388, N'2025-09-28 08:21:06.000'),
  (1118, 61, 49, 10.71639755, N'2025-09-28 10:49:20.000'),
  (1119, 61, 48, 11.74783217, N'2025-09-28 11:58:18.000'),
  (1120, 61, 27, 12.34229113, N'2025-09-28 14:40:06.000'),
  (1121, 61, 48, 14.13083598, N'2025-09-28 14:40:31.000'),
  (1122, 61, 21, 15.62776219, N'2025-09-28 20:28:52.000'),
  (1123, 61, 20, 16.43744522, N'2025-09-28 21:34:06.000'),
  (1124, 61, 47, 18.80348362, N'2025-09-29 01:31:46.000'),
  (1125, 61, 21, 21.10480275, N'2025-09-29 05:26:54.000'),
  (1126, 61, 3, 23.73789955, N'2025-09-29 10:24:46.000'),
  (1127, 61, 15, 26.54244709, N'2025-09-29 10:44:16.000'),
  (1128, 61, 41, 27.8903235, N'2025-09-29 11:10:28.000'),
  (1129, 61, 6, 31.01205407, N'2025-09-29 16:46:17.000'),
  (1130, 62, 34, 2.9443303, N'2025-09-30 16:18:26.000'),
  (1131, 62, 25, 3.23911762, N'2025-10-01 00:55:32.000'),
  (1132, 62, 50, 3.70644942, N'2025-10-01 17:29:46.000'),
  (1133, 62, 34, 4.11733273, N'2025-10-01 18:06:18.000'),
  (1134, 62, 39, 4.39138931, N'2025-10-01 22:30:52.000'),
  (1135, 62, 44, 4.96047766, N'2025-10-01 23:14:20.000'),
  (1136, 62, 3, 5.39297678, N'2025-10-02 00:49:53.000'),
  (1137, 62, 7, 5.94453488, N'2025-10-02 01:11:57.000'),
  (1138, 62, 14, 6.60454949, N'2025-10-02 04:28:01.000'),
  (1139, 62, 2, 7.48490447, N'2025-10-02 04:56:09.000'),
  (1140, 62, 24, 8.48909155, N'2025-10-02 10:28:07.000'),
  (1141, 62, 48, 9.73026219, N'2025-10-02 18:53:03.000'),
  (1142, 62, 31, 10.58340142, N'2025-10-02 23:09:46.000'),
  (1143, 62, 5, 11.12143539, N'2025-10-02 23:44:12.000'),
  (1144, 62, 34, 12.69777952, N'2025-10-03 01:52:38.000'),
  (1145, 62, 15, 14.27888215, N'2025-10-03 06:09:50.000'),
  (1146, 62, 41, 15.10634656, N'2025-10-03 08:40:37.000'),
  (1147, 62, 39, 17.29924206, N'2025-10-03 11:19:21.000'),
  (1148, 63, 31, 4.25565022, N'2025-09-12 20:36:12.000'),
  (1149, 63, 21, 4.83491051, N'2025-09-13 06:48:31.000'),
  (1150, 63, 20, 5.45721149, N'2025-09-13 11:45:10.000'),
  (1151, 63, 15, 5.80535362, N'2025-09-13 12:37:21.000'),
  (1152, 63, 6, 6.48278122, N'2025-09-13 18:19:25.000'),
  (1153, 63, 8, 7.35003175, N'2025-09-14 00:35:09.000'),
  (1154, 63, 35, 8.34620576, N'2025-09-14 04:51:16.000'),
  (1155, 63, 26, 9.06033231, N'2025-09-14 11:10:41.000'),
  (1156, 63, 47, 10.30671838, N'2025-09-14 18:21:55.000'),
  (1157, 63, 27, 10.83894755, N'2025-09-14 20:14:49.000'),
  (1158, 63, 27, 11.81883726, N'2025-09-15 01:32:15.000'),
  (1159, 63, 25, 12.77227812, N'2025-09-15 02:34:38.000'),
  (1160, 63, 5, 13.72145139, N'2025-09-15 02:37:26.000'),
  (1161, 63, 7, 15.11364083, N'2025-09-15 14:31:45.000'),
  (1162, 63, 28, 16.26322587, N'2025-09-15 17:19:26.000'),
  (1163, 63, 49, 17.54848544, N'2025-09-15 17:22:01.000'),
  (1164, 64, 17, 3.23369466, N'2025-09-24 14:01:00.000'),
  (1165, 64, 37, 3.49921777, N'2025-09-24 14:41:44.000'),
  (1166, 64, 26, 3.98890228, N'2025-09-24 18:02:07.000'),
  (1167, 64, 50, 4.28755056, N'2025-09-24 19:00:46.000'),
  (1168, 64, 15, 4.66397798, N'2025-09-25 02:23:45.000'),
  (1169, 64, 27, 5.22010187, N'2025-09-25 05:17:14.000'),
  (1170, 64, 41, 5.63199232, N'2025-09-25 06:32:21.000'),
  (1171, 64, 7, 6.30273544, N'2025-09-25 10:07:37.000'),
  (1172, 64, 2, 6.91645589, N'2025-09-25 16:25:50.000'),
  (1173, 64, 14, 7.34095911, N'2025-09-25 17:39:47.000'),
  (1174, 64, 49, 8.06118045, N'2025-09-25 21:46:25.000'),
  (1175, 64, 7, 9.18351396, N'2025-09-26 01:07:49.000'),
  (1176, 64, 22, 10.41603552, N'2025-09-26 05:37:49.000'),
  (1177, 64, 48, 11.70257433, N'2025-09-26 11:12:42.000'),
  (1178, 64, 37, 13.40374645, N'2025-09-26 11:48:41.000'),
  (1179, 64, 26, 15.19083666, N'2025-09-26 20:38:48.000'),
  (1180, 64, 27, 16.8299257, N'2025-09-26 20:44:17.000'),
  (1181, 64, 31, 18.44602328, N'2025-09-26 22:07:05.000'),
  (1182, 64, 5, 19.8270817, N'2025-09-27 06:54:30.000'),
  (1183, 64, 26, 20.92424635, N'2025-09-27 08:59:41.000'),
  (1184, 65, 6, 2.57580837, N'2025-08-26 21:46:03.000'),
  (1185, 65, 48, 2.71848812, N'2025-08-27 04:25:54.000'),
  (1186, 65, 21, 2.99561379, N'2025-08-27 09:15:26.000'),
  (1187, 65, 39, 3.44386722, N'2025-08-27 11:30:31.000'),
  (1188, 65, 25, 3.73999533, N'2025-08-27 14:54:46.000'),
  (1189, 65, 20, 4.16569512, N'2025-08-27 17:58:46.000'),
  (1190, 65, 5, 4.57599839, N'2025-08-27 19:48:21.000'),
  (1191, 65, 46, 5.05709848, N'2025-08-27 21:34:43.000'),
  (1192, 65, 25, 5.56321416, N'2025-08-27 21:52:02.000'),
  (1193, 65, 47, 5.87795371, N'2025-08-28 02:38:37.000'),
  (1194, 65, 44, 6.21313841, N'2025-08-28 04:25:00.000'),
  (1195, 65, 50, 6.77066844, N'2025-08-28 05:41:27.000'),
  (1196, 65, 7, 7.46587662, N'2025-08-28 09:27:54.000'),
  (1197, 65, 41, 8.38132319, N'2025-08-28 10:24:11.000'),
  (1198, 65, 6, 9.27359864, N'2025-08-28 18:25:20.000'),
  (1199, 65, 34, 9.94151583, N'2025-08-28 19:44:31.000'),
  (1200, 65, 35, 10.88123056, N'2025-08-29 00:01:48.000'),
  (1201, 65, 15, 11.83392507, N'2025-08-29 06:49:56.000'),
  (1202, 66, 17, 4.10750401, N'2025-10-01 06:34:39.000'),
  (1203, 66, 17, 4.55110547, N'2025-10-01 07:17:17.000'),
  (1204, 66, 35, 5.17331414, N'2025-10-02 00:06:42.000'),
  (1205, 66, 2, 5.61042364, N'2025-10-02 07:57:35.000'),
  (1206, 66, 15, 6.22269077, N'2025-10-02 13:32:05.000'),
  (1207, 66, 15, 6.56601822, N'2025-10-02 19:58:48.000'),
  (1208, 66, 2, 7.35232026, N'2025-10-02 22:24:40.000'),
  (1209, 66, 34, 7.74327827, N'2025-10-02 23:35:07.000'),
  (1210, 66, 21, 8.32832879, N'2025-10-03 01:29:31.000'),
  (1211, 66, 35, 8.75425536, N'2025-10-03 07:16:12.000'),
  (1212, 66, 14, 9.7309713, N'2025-10-03 08:51:05.000'),
  (1213, 66, 25, 10.43169726, N'2025-10-03 09:25:56.000'),
  (1214, 66, 28, 11.83516639, N'2025-10-03 09:45:02.000'),
  (1215, 66, 46, 13.51230233, N'2025-10-03 11:08:39.000'),
  (1216, 66, 47, 14.67088959, N'2025-10-03 17:54:38.000');
SET IDENTITY_INSERT [auction].[Bid] OFF;
GO

-- Data for [finance].[FundsReservation]
SET IDENTITY_INSERT [finance].[FundsReservation] ON;
INSERT INTO [finance].[FundsReservation] ([ReservationId], [AuctionId], [UserId], [AmountETH], [StateCode], [CreatedAtUtc]) VALUES
  (1, 2, 49, 20.19162016, N'CAPTURED', N'2025-07-24 23:04:00.000'),
  (2, 6, 6, 22.5244055, N'CAPTURED', N'2025-09-21 11:20:59.000'),
  (3, 10, 47, 45.29990039, N'CAPTURED', N'2025-09-30 18:32:09.000'),
  (4, 12, 26, 38.76901857, N'CAPTURED', N'2025-09-30 23:00:37.000'),
  (5, 13, 41, 7.54943051, N'CAPTURED', N'2025-09-17 22:31:43.000'),
  (6, 16, 21, 0.36621322, N'CAPTURED', N'2025-09-02 12:12:03.000'),
  (7, 17, 3, 19.29595718, N'CAPTURED', N'2025-09-07 21:06:31.000'),
  (8, 18, 2, 83.50065588, N'CAPTURED', N'2025-09-22 21:42:14.000'),
  (9, 19, 29, 24.78260294, N'CAPTURED', N'2025-07-19 22:53:31.000'),
  (10, 20, 41, 46.46653706, N'CAPTURED', N'2025-07-20 19:55:14.000'),
  (11, 22, 28, 1.26520746, N'CAPTURED', N'2025-09-10 09:21:50.000'),
  (12, 25, 17, 18.95516877, N'CAPTURED', N'2025-09-26 17:53:59.000'),
  (13, 28, 47, 37.2705423, N'CAPTURED', N'2025-09-27 14:50:51.000'),
  (14, 29, 14, 13.00293422, N'CAPTURED', N'2025-09-21 09:50:34.000'),
  (15, 30, 29, 10.3728715, N'CAPTURED', N'2025-09-10 00:22:32.000'),
  (16, 33, 28, 39.87497206, N'CAPTURED', N'2025-08-26 05:13:34.000'),
  (17, 34, 44, 5.1572494, N'CAPTURED', N'2025-09-27 22:27:01.000'),
  (18, 35, 17, 21.12925441, N'CAPTURED', N'2025-09-13 12:09:14.000'),
  (19, 36, 25, 12.43081839, N'CAPTURED', N'2025-09-03 05:06:30.000'),
  (20, 37, 24, 9.73696154, N'CAPTURED', N'2025-08-12 15:30:18.000'),
  (21, 39, 8, 6.59749004, N'CAPTURED', N'2025-09-23 16:47:32.000'),
  (22, 40, 24, 17.59139203, N'CAPTURED', N'2025-09-23 18:26:52.000'),
  (23, 44, 17, 14.51358758, N'CAPTURED', N'2025-09-28 16:14:13.000'),
  (24, 46, 22, 10.48079107, N'CAPTURED', N'2025-09-25 02:44:49.000'),
  (25, 50, 28, 9.89868288, N'CAPTURED', N'2025-09-20 11:51:56.000'),
  (26, 51, 7, 22.80230824, N'CAPTURED', N'2025-05-27 22:41:14.000'),
  (27, 52, 3, 21.97331889, N'CAPTURED', N'2025-09-29 08:46:05.000'),
  (28, 54, 6, 22.93994507, N'CAPTURED', N'2025-07-28 22:04:09.000'),
  (29, 55, 29, 1.73439136, N'CAPTURED', N'2025-09-25 02:17:09.000'),
  (30, 57, 8, 35.24094967, N'CAPTURED', N'2025-09-28 17:01:43.000'),
  (31, 59, 8, 4.25493937, N'CAPTURED', N'2025-09-29 02:40:21.000'),
  (32, 60, 20, 5.72611047, N'CAPTURED', N'2025-08-16 11:44:27.000'),
  (33, 61, 6, 31.01205407, N'CAPTURED', N'2025-09-30 02:29:42.000'),
  (34, 63, 49, 17.54848544, N'CAPTURED', N'2025-09-15 18:38:14.000'),
  (35, 64, 26, 20.92424635, N'CAPTURED', N'2025-09-27 10:22:36.000'),
  (36, 65, 15, 11.83392507, N'CAPTURED', N'2025-08-29 11:30:24.000');
SET IDENTITY_INSERT [finance].[FundsReservation] OFF;
GO

-- Data for [finance].[Ledger]
SET IDENTITY_INSERT [finance].[Ledger] ON;
INSERT INTO [finance].[Ledger] ([EntryId], [AuctionId], [UserId], [AmountETH], [EntryType], [CreatedAtUtc]) VALUES
  (1, 2, 49, 20.19162016, N'DEBIT', N'2025-07-24 23:04:00.000'),
  (2, 2, 12, 19.78778776, N'CREDIT', N'2025-07-24 23:04:00.000'),
  (3, 6, 6, 22.5244055, N'DEBIT', N'2025-09-21 11:20:59.000'),
  (4, 6, 20, 22.07391739, N'CREDIT', N'2025-09-21 11:20:59.000'),
  (5, 10, 47, 45.29990039, N'DEBIT', N'2025-09-30 18:32:09.000'),
  (6, 10, 30, 44.39390238, N'CREDIT', N'2025-09-30 18:32:09.000'),
  (7, 12, 26, 38.76901857, N'DEBIT', N'2025-09-30 23:00:37.000'),
  (8, 12, 32, 37.9936382, N'CREDIT', N'2025-09-30 23:00:37.000'),
  (9, 13, 41, 7.54943051, N'DEBIT', N'2025-09-17 22:31:43.000'),
  (10, 13, 42, 7.3984419, N'CREDIT', N'2025-09-17 22:31:43.000'),
  (11, 16, 21, 0.36621322, N'DEBIT', N'2025-09-02 12:12:03.000'),
  (12, 16, 12, 0.35888896, N'CREDIT', N'2025-09-02 12:12:03.000'),
  (13, 17, 3, 19.29595718, N'DEBIT', N'2025-09-07 21:06:31.000'),
  (14, 17, 43, 18.91003804, N'CREDIT', N'2025-09-07 21:06:31.000'),
  (15, 18, 2, 83.50065588, N'DEBIT', N'2025-09-22 21:42:14.000'),
  (16, 18, 29, 81.83064276, N'CREDIT', N'2025-09-22 21:42:14.000'),
  (17, 19, 29, 24.78260294, N'DEBIT', N'2025-07-19 22:53:31.000'),
  (18, 19, 44, 24.28695088, N'CREDIT', N'2025-07-19 22:53:31.000'),
  (19, 20, 41, 46.46653706, N'DEBIT', N'2025-07-20 19:55:14.000'),
  (20, 20, 45, 45.53720632, N'CREDIT', N'2025-07-20 19:55:14.000'),
  (21, 22, 28, 1.26520746, N'DEBIT', N'2025-09-10 09:21:50.000'),
  (22, 22, 12, 1.23990331, N'CREDIT', N'2025-09-10 09:21:50.000'),
  (23, 25, 17, 18.95516877, N'DEBIT', N'2025-09-26 17:53:59.000'),
  (24, 25, 32, 18.57606539, N'CREDIT', N'2025-09-26 17:53:59.000'),
  (25, 28, 47, 37.2705423, N'DEBIT', N'2025-09-27 14:50:51.000'),
  (26, 28, 42, 36.52513145, N'CREDIT', N'2025-09-27 14:50:51.000'),
  (27, 29, 14, 13.00293422, N'DEBIT', N'2025-09-21 09:50:34.000'),
  (28, 29, 16, 12.74287554, N'CREDIT', N'2025-09-21 09:50:34.000'),
  (29, 30, 29, 10.3728715, N'DEBIT', N'2025-09-10 00:22:32.000'),
  (30, 30, 42, 10.16541407, N'CREDIT', N'2025-09-10 00:22:32.000'),
  (31, 33, 28, 39.87497206, N'DEBIT', N'2025-08-26 05:13:34.000'),
  (32, 33, 10, 39.07747262, N'CREDIT', N'2025-08-26 05:13:34.000'),
  (33, 34, 44, 5.1572494, N'DEBIT', N'2025-09-27 22:27:01.000'),
  (34, 34, 40, 5.05410441, N'CREDIT', N'2025-09-27 22:27:01.000'),
  (35, 35, 17, 21.12925441, N'DEBIT', N'2025-09-13 12:09:14.000'),
  (36, 35, 29, 20.70666932, N'CREDIT', N'2025-09-13 12:09:14.000'),
  (37, 36, 25, 12.43081839, N'DEBIT', N'2025-09-03 05:06:30.000'),
  (38, 36, 40, 12.18220202, N'CREDIT', N'2025-09-03 05:06:30.000'),
  (39, 37, 24, 9.73696154, N'DEBIT', N'2025-08-12 15:30:18.000'),
  (40, 37, 16, 9.54222231, N'CREDIT', N'2025-08-12 15:30:18.000'),
  (41, 39, 8, 6.59749004, N'DEBIT', N'2025-09-23 16:47:32.000'),
  (42, 39, 24, 6.46554024, N'CREDIT', N'2025-09-23 16:47:32.000'),
  (43, 40, 24, 17.59139203, N'DEBIT', N'2025-09-23 18:26:52.000'),
  (44, 40, 20, 17.23956419, N'CREDIT', N'2025-09-23 18:26:52.000'),
  (45, 44, 17, 14.51358758, N'DEBIT', N'2025-09-28 16:14:13.000'),
  (46, 44, 21, 14.22331583, N'CREDIT', N'2025-09-28 16:14:13.000'),
  (47, 46, 22, 10.48079107, N'DEBIT', N'2025-09-25 02:44:49.000'),
  (48, 46, 39, 10.27117525, N'CREDIT', N'2025-09-25 02:44:49.000'),
  (49, 50, 28, 9.89868288, N'DEBIT', N'2025-09-20 11:51:56.000'),
  (50, 50, 20, 9.70070922, N'CREDIT', N'2025-09-20 11:51:56.000'),
  (51, 51, 7, 22.80230824, N'DEBIT', N'2025-05-27 22:41:14.000'),
  (52, 51, 45, 22.34626208, N'CREDIT', N'2025-05-27 22:41:14.000'),
  (53, 52, 3, 21.97331889, N'DEBIT', N'2025-09-29 08:46:05.000'),
  (54, 52, 12, 21.53385251, N'CREDIT', N'2025-09-29 08:46:05.000'),
  (55, 54, 6, 22.93994507, N'DEBIT', N'2025-07-28 22:04:09.000'),
  (56, 54, 12, 22.48114617, N'CREDIT', N'2025-07-28 22:04:09.000'),
  (57, 55, 29, 1.73439136, N'DEBIT', N'2025-09-25 02:17:09.000'),
  (58, 55, 43, 1.69970353, N'CREDIT', N'2025-09-25 02:17:09.000'),
  (59, 57, 8, 35.24094967, N'DEBIT', N'2025-09-28 17:01:43.000'),
  (60, 57, 43, 34.53613068, N'CREDIT', N'2025-09-28 17:01:43.000'),
  (61, 59, 8, 4.25493937, N'DEBIT', N'2025-09-29 02:40:21.000'),
  (62, 59, 42, 4.16984058, N'CREDIT', N'2025-09-29 02:40:21.000'),
  (63, 60, 20, 5.72611047, N'DEBIT', N'2025-08-16 11:44:27.000'),
  (64, 60, 12, 5.61158826, N'CREDIT', N'2025-08-16 11:44:27.000'),
  (65, 61, 6, 31.01205407, N'DEBIT', N'2025-09-30 02:29:42.000'),
  (66, 61, 44, 30.39181299, N'CREDIT', N'2025-09-30 02:29:42.000'),
  (67, 63, 49, 17.54848544, N'DEBIT', N'2025-09-15 18:38:14.000'),
  (68, 63, 32, 17.19751573, N'CREDIT', N'2025-09-15 18:38:14.000'),
  (69, 64, 26, 20.92424635, N'DEBIT', N'2025-09-27 10:22:36.000'),
  (70, 64, 11, 20.50576142, N'CREDIT', N'2025-09-27 10:22:36.000'),
  (71, 65, 15, 11.83392507, N'DEBIT', N'2025-08-29 11:30:24.000'),
  (72, 65, 16, 11.59724657, N'CREDIT', N'2025-08-29 11:30:24.000');
SET IDENTITY_INSERT [finance].[Ledger] OFF;
GO

-- Data for [audit].[EmailOutbox]
SET IDENTITY_INSERT [audit].[EmailOutbox] ON;
INSERT INTO [audit].[EmailOutbox] ([EmailId], [RecipientUserId], [RecipientEmail], [Subject], [Body], [StatusCode]) VALUES
  (1, 29, N'arturo.dominguez3891@uni.edu.gt', N'Subasta creada para NFT #47', N'Tu NFT ha sido listado en subasta (Auction #1).', N'PENDING'),
  (2, 12, N'manuel.cruz2418@yahoo.com', N'Subasta creada para NFT #79', N'Tu NFT ha sido listado en subasta (Auction #2).', N'PENDING'),
  (3, 19, N'alejandra.leon8050@yahoo.com', N'Subasta creada para NFT #3', N'Tu NFT ha sido listado en subasta (Auction #3).', N'PENDING'),
  (4, 19, N'alejandra.leon8050@yahoo.com', N'Subasta creada para NFT #36', N'Tu NFT ha sido listado en subasta (Auction #4).', N'PENDING'),
  (5, 30, N'mariana.ramirez8759@uni.edu.gt', N'Subasta creada para NFT #45', N'Tu NFT ha sido listado en subasta (Auction #5).', N'PENDING'),
  (6, 20, N'cristina.paredes3209@gmail.com', N'Subasta creada para NFT #92', N'Tu NFT ha sido listado en subasta (Auction #6).', N'PENDING'),
  (7, 32, N'arturo.cardenas6550@yahoo.com', N'Subasta creada para NFT #22', N'Tu NFT ha sido listado en subasta (Auction #7).', N'PENDING'),
  (8, 12, N'manuel.cruz2418@yahoo.com', N'Subasta creada para NFT #83', N'Tu NFT ha sido listado en subasta (Auction #8).', N'PENDING'),
  (9, 21, N'isabel.sandoval5223@gmail.com', N'Subasta creada para NFT #12', N'Tu NFT ha sido listado en subasta (Auction #9).', N'PENDING'),
  (10, 30, N'mariana.ramirez8759@uni.edu.gt', N'Subasta creada para NFT #87', N'Tu NFT ha sido listado en subasta (Auction #10).', N'PENDING'),
  (11, 21, N'isabel.sandoval5223@gmail.com', N'Subasta creada para NFT #52', N'Tu NFT ha sido listado en subasta (Auction #11).', N'PENDING'),
  (12, 32, N'arturo.cardenas6550@yahoo.com', N'Subasta creada para NFT #16', N'Tu NFT ha sido listado en subasta (Auction #12).', N'PENDING'),
  (13, 42, N'laura.garcia8849@uni.edu.gt', N'Subasta creada para NFT #96', N'Tu NFT ha sido listado en subasta (Auction #13).', N'PENDING'),
  (14, 43, N'paola.torres8279@outlook.com', N'Subasta creada para NFT #49', N'Tu NFT ha sido listado en subasta (Auction #14).', N'PENDING'),
  (15, 44, N'carolina.lopez4929@yahoo.com', N'Subasta creada para NFT #30', N'Tu NFT ha sido listado en subasta (Auction #15).', N'PENDING'),
  (16, 12, N'manuel.cruz2418@yahoo.com', N'Subasta creada para NFT #70', N'Tu NFT ha sido listado en subasta (Auction #16).', N'PENDING'),
  (17, 43, N'paola.torres8279@outlook.com', N'Subasta creada para NFT #74', N'Tu NFT ha sido listado en subasta (Auction #17).', N'PENDING'),
  (18, 29, N'arturo.dominguez3891@uni.edu.gt', N'Subasta creada para NFT #54', N'Tu NFT ha sido listado en subasta (Auction #18).', N'PENDING'),
  (19, 44, N'carolina.lopez4929@yahoo.com', N'Subasta creada para NFT #93', N'Tu NFT ha sido listado en subasta (Auction #19).', N'PENDING'),
  (20, 45, N'samuel.figueroa6186@gmail.com', N'Subasta creada para NFT #4', N'Tu NFT ha sido listado en subasta (Auction #20).', N'PENDING'),
  (21, 30, N'mariana.ramirez8759@uni.edu.gt', N'Subasta creada para NFT #35', N'Tu NFT ha sido listado en subasta (Auction #21).', N'PENDING'),
  (22, 12, N'manuel.cruz2418@yahoo.com', N'Subasta creada para NFT #44', N'Tu NFT ha sido listado en subasta (Auction #22).', N'PENDING'),
  (23, 21, N'isabel.sandoval5223@gmail.com', N'Subasta creada para NFT #76', N'Tu NFT ha sido listado en subasta (Auction #23).', N'PENDING'),
  (24, 16, N'natalia.espinoza7732@uni.edu.gt', N'Subasta creada para NFT #60', N'Tu NFT ha sido listado en subasta (Auction #24).', N'PENDING'),
  (25, 32, N'arturo.cardenas6550@yahoo.com', N'Subasta creada para NFT #32', N'Tu NFT ha sido listado en subasta (Auction #25).', N'PENDING'),
  (26, 30, N'mariana.ramirez8759@uni.edu.gt', N'Subasta creada para NFT #13', N'Tu NFT ha sido listado en subasta (Auction #26).', N'PENDING'),
  (27, 32, N'arturo.cardenas6550@yahoo.com', N'Subasta creada para NFT #18', N'Tu NFT ha sido listado en subasta (Auction #27).', N'PENDING'),
  (28, 42, N'laura.garcia8849@uni.edu.gt', N'Subasta creada para NFT #39', N'Tu NFT ha sido listado en subasta (Auction #28).', N'PENDING'),
  (29, 16, N'natalia.espinoza7732@uni.edu.gt', N'Subasta creada para NFT #95', N'Tu NFT ha sido listado en subasta (Auction #29).', N'PENDING'),
  (30, 42, N'laura.garcia8849@uni.edu.gt', N'Subasta creada para NFT #86', N'Tu NFT ha sido listado en subasta (Auction #30).', N'PENDING'),
  (31, 19, N'alejandra.leon8050@yahoo.com', N'Subasta creada para NFT #8', N'Tu NFT ha sido listado en subasta (Auction #31).', N'PENDING'),
  (32, 45, N'samuel.figueroa6186@gmail.com', N'Subasta creada para NFT #14', N'Tu NFT ha sido listado en subasta (Auction #32).', N'PENDING'),
  (33, 10, N'maria.pea3347@yahoo.com', N'Subasta creada para NFT #62', N'Tu NFT ha sido listado en subasta (Auction #33).', N'PENDING'),
  (34, 40, N'alicia.flores4371@yahoo.com', N'Subasta creada para NFT #28', N'Tu NFT ha sido listado en subasta (Auction #34).', N'PENDING'),
  (35, 29, N'arturo.dominguez3891@uni.edu.gt', N'Subasta creada para NFT #15', N'Tu NFT ha sido listado en subasta (Auction #35).', N'PENDING'),
  (36, 40, N'alicia.flores4371@yahoo.com', N'Subasta creada para NFT #58', N'Tu NFT ha sido listado en subasta (Auction #36).', N'PENDING'),
  (37, 16, N'natalia.espinoza7732@uni.edu.gt', N'Subasta creada para NFT #69', N'Tu NFT ha sido listado en subasta (Auction #37).', N'PENDING'),
  (38, 19, N'alejandra.leon8050@yahoo.com', N'Subasta creada para NFT #19', N'Tu NFT ha sido listado en subasta (Auction #38).', N'PENDING'),
  (39, 24, N'ana.mejia483@yahoo.com', N'Subasta creada para NFT #57', N'Tu NFT ha sido listado en subasta (Auction #39).', N'PENDING'),
  (40, 20, N'cristina.paredes3209@gmail.com', N'Subasta creada para NFT #89', N'Tu NFT ha sido listado en subasta (Auction #40).', N'PENDING'),
  (41, 30, N'mariana.ramirez8759@uni.edu.gt', N'Subasta creada para NFT #65', N'Tu NFT ha sido listado en subasta (Auction #41).', N'PENDING'),
  (42, 45, N'samuel.figueroa6186@gmail.com', N'Subasta creada para NFT #38', N'Tu NFT ha sido listado en subasta (Auction #42).', N'PENDING'),
  (43, 40, N'alicia.flores4371@yahoo.com', N'Subasta creada para NFT #11', N'Tu NFT ha sido listado en subasta (Auction #43).', N'PENDING'),
  (44, 21, N'isabel.sandoval5223@gmail.com', N'Subasta creada para NFT #41', N'Tu NFT ha sido listado en subasta (Auction #44).', N'PENDING'),
  (45, 27, N'guillermo.vasquez6582@uni.edu.gt', N'Subasta creada para NFT #6', N'Tu NFT ha sido listado en subasta (Auction #45).', N'PENDING'),
  (46, 39, N'isabel.azurdia2771@yahoo.com', N'Subasta creada para NFT #46', N'Tu NFT ha sido listado en subasta (Auction #46).', N'PENDING'),
  (47, 12, N'manuel.cruz2418@yahoo.com', N'Subasta creada para NFT #77', N'Tu NFT ha sido listado en subasta (Auction #47).', N'PENDING'),
  (48, 30, N'mariana.ramirez8759@uni.edu.gt', N'Subasta creada para NFT #1', N'Tu NFT ha sido listado en subasta (Auction #48).', N'PENDING'),
  (49, 39, N'isabel.azurdia2771@yahoo.com', N'Subasta creada para NFT #55', N'Tu NFT ha sido listado en subasta (Auction #49).', N'PENDING'),
  (50, 20, N'cristina.paredes3209@gmail.com', N'Subasta creada para NFT #20', N'Tu NFT ha sido listado en subasta (Auction #50).', N'PENDING'),
  (51, 45, N'samuel.figueroa6186@gmail.com', N'Subasta creada para NFT #29', N'Tu NFT ha sido listado en subasta (Auction #51).', N'PENDING'),
  (52, 12, N'manuel.cruz2418@yahoo.com', N'Subasta creada para NFT #88', N'Tu NFT ha sido listado en subasta (Auction #52).', N'PENDING'),
  (53, 42, N'laura.garcia8849@uni.edu.gt', N'Subasta creada para NFT #43', N'Tu NFT ha sido listado en subasta (Auction #53).', N'PENDING'),
  (54, 12, N'manuel.cruz2418@yahoo.com', N'Subasta creada para NFT #78', N'Tu NFT ha sido listado en subasta (Auction #54).', N'PENDING'),
  (55, 43, N'paola.torres8279@outlook.com', N'Subasta creada para NFT #64', N'Tu NFT ha sido listado en subasta (Auction #55).', N'PENDING'),
  (56, 27, N'guillermo.vasquez6582@uni.edu.gt', N'Subasta creada para NFT #71', N'Tu NFT ha sido listado en subasta (Auction #56).', N'PENDING'),
  (57, 43, N'paola.torres8279@outlook.com', N'Subasta creada para NFT #50', N'Tu NFT ha sido listado en subasta (Auction #57).', N'PENDING'),
  (58, 11, N'marco.vasquez610@yahoo.com', N'Subasta creada para NFT #23', N'Tu NFT ha sido listado en subasta (Auction #58).', N'PENDING'),
  (59, 42, N'laura.garcia8849@uni.edu.gt', N'Subasta creada para NFT #98', N'Tu NFT ha sido listado en subasta (Auction #59).', N'PENDING'),
  (60, 12, N'manuel.cruz2418@yahoo.com', N'Subasta creada para NFT #7', N'Tu NFT ha sido listado en subasta (Auction #60).', N'PENDING'),
  (61, 44, N'carolina.lopez4929@yahoo.com', N'Subasta creada para NFT #48', N'Tu NFT ha sido listado en subasta (Auction #61).', N'PENDING'),
  (62, 27, N'guillermo.vasquez6582@uni.edu.gt', N'Subasta creada para NFT #17', N'Tu NFT ha sido listado en subasta (Auction #62).', N'PENDING'),
  (63, 32, N'arturo.cardenas6550@yahoo.com', N'Subasta creada para NFT #91', N'Tu NFT ha sido listado en subasta (Auction #63).', N'PENDING'),
  (64, 11, N'marco.vasquez610@yahoo.com', N'Subasta creada para NFT #37', N'Tu NFT ha sido listado en subasta (Auction #64).', N'PENDING'),
  (65, 16, N'natalia.espinoza7732@uni.edu.gt', N'Subasta creada para NFT #42', N'Tu NFT ha sido listado en subasta (Auction #65).', N'PENDING'),
  (66, 40, N'alicia.flores4371@yahoo.com', N'Subasta creada para NFT #82', N'Tu NFT ha sido listado en subasta (Auction #66).', N'PENDING'),
  (67, 30, N'mariana.ramirez8759@uni.edu.gt', N'NFT #1 aprobado', N'Tu NFT ha sido aprobado por el curador.', N'PENDING'),
  (68, 30, N'mariana.ramirez8759@uni.edu.gt', N'NFT #2 rechazado', N'Tu NFT ha sido rechazado por el curador.', N'PENDING'),
  (69, 19, N'alejandra.leon8050@yahoo.com', N'NFT #3 aprobado', N'Tu NFT ha sido aprobado por el curador.', N'PENDING'),
  (70, 45, N'samuel.figueroa6186@gmail.com', N'NFT #4 aprobado', N'Tu NFT ha sido aprobado por el curador.', N'PENDING'),
  (71, 42, N'laura.garcia8849@uni.edu.gt', N'NFT #5 rechazado', N'Tu NFT ha sido rechazado por el curador.', N'PENDING'),
  (72, 27, N'guillermo.vasquez6582@uni.edu.gt', N'NFT #6 aprobado', N'Tu NFT ha sido aprobado por el curador.', N'PENDING'),
  (73, 12, N'manuel.cruz2418@yahoo.com', N'NFT #7 aprobado', N'Tu NFT ha sido aprobado por el curador.', N'PENDING'),
  (74, 19, N'alejandra.leon8050@yahoo.com', N'NFT #8 aprobado', N'Tu NFT ha sido aprobado por el curador.', N'PENDING'),
  (75, 12, N'manuel.cruz2418@yahoo.com', N'NFT #9 aprobado', N'Tu NFT ha sido aprobado por el curador.', N'PENDING'),
  (76, 12, N'manuel.cruz2418@yahoo.com', N'NFT #10 rechazado', N'Tu NFT ha sido rechazado por el curador.', N'PENDING'),
  (77, 40, N'alicia.flores4371@yahoo.com', N'NFT #11 aprobado', N'Tu NFT ha sido aprobado por el curador.', N'PENDING'),
  (78, 21, N'isabel.sandoval5223@gmail.com', N'NFT #12 aprobado', N'Tu NFT ha sido aprobado por el curador.', N'PENDING'),
  (79, 30, N'mariana.ramirez8759@uni.edu.gt', N'NFT #13 aprobado', N'Tu NFT ha sido aprobado por el curador.', N'PENDING'),
  (80, 45, N'samuel.figueroa6186@gmail.com', N'NFT #14 aprobado', N'Tu NFT ha sido aprobado por el curador.', N'PENDING'),
  (81, 29, N'arturo.dominguez3891@uni.edu.gt', N'NFT #15 aprobado', N'Tu NFT ha sido aprobado por el curador.', N'PENDING'),
  (82, 32, N'arturo.cardenas6550@yahoo.com', N'NFT #16 aprobado', N'Tu NFT ha sido aprobado por el curador.', N'PENDING'),
  (83, 27, N'guillermo.vasquez6582@uni.edu.gt', N'NFT #17 aprobado', N'Tu NFT ha sido aprobado por el curador.', N'PENDING'),
  (84, 32, N'arturo.cardenas6550@yahoo.com', N'NFT #18 aprobado', N'Tu NFT ha sido aprobado por el curador.', N'PENDING'),
  (85, 19, N'alejandra.leon8050@yahoo.com', N'NFT #19 aprobado', N'Tu NFT ha sido aprobado por el curador.', N'PENDING'),
  (86, 20, N'cristina.paredes3209@gmail.com', N'NFT #20 aprobado', N'Tu NFT ha sido aprobado por el curador.', N'PENDING'),
  (87, 20, N'cristina.paredes3209@gmail.com', N'NFT #21 rechazado', N'Tu NFT ha sido rechazado por el curador.', N'PENDING'),
  (88, 32, N'arturo.cardenas6550@yahoo.com', N'NFT #22 aprobado', N'Tu NFT ha sido aprobado por el curador.', N'PENDING'),
  (89, 11, N'marco.vasquez610@yahoo.com', N'NFT #23 aprobado', N'Tu NFT ha sido aprobado por el curador.', N'PENDING'),
  (90, 19, N'alejandra.leon8050@yahoo.com', N'NFT #24 aprobado', N'Tu NFT ha sido aprobado por el curador.', N'PENDING'),
  (91, 39, N'isabel.azurdia2771@yahoo.com', N'NFT #25 rechazado', N'Tu NFT ha sido rechazado por el curador.', N'PENDING'),
  (92, 39, N'isabel.azurdia2771@yahoo.com', N'NFT #26 rechazado', N'Tu NFT ha sido rechazado por el curador.', N'PENDING'),
  (93, 30, N'mariana.ramirez8759@uni.edu.gt', N'NFT #27 aprobado', N'Tu NFT ha sido aprobado por el curador.', N'PENDING'),
  (94, 40, N'alicia.flores4371@yahoo.com', N'NFT #28 aprobado', N'Tu NFT ha sido aprobado por el curador.', N'PENDING'),
  (95, 45, N'samuel.figueroa6186@gmail.com', N'NFT #29 aprobado', N'Tu NFT ha sido aprobado por el curador.', N'PENDING'),
  (96, 44, N'carolina.lopez4929@yahoo.com', N'NFT #30 aprobado', N'Tu NFT ha sido aprobado por el curador.', N'PENDING'),
  (97, 20, N'cristina.paredes3209@gmail.com', N'NFT #31 rechazado', N'Tu NFT ha sido rechazado por el curador.', N'PENDING'),
  (98, 32, N'arturo.cardenas6550@yahoo.com', N'NFT #32 aprobado', N'Tu NFT ha sido aprobado por el curador.', N'PENDING'),
  (99, 24, N'ana.mejia483@yahoo.com', N'NFT #33 aprobado', N'Tu NFT ha sido aprobado por el curador.', N'PENDING'),
  (100, 39, N'isabel.azurdia2771@yahoo.com', N'NFT #34 aprobado', N'Tu NFT ha sido aprobado por el curador.', N'PENDING'),
  (101, 30, N'mariana.ramirez8759@uni.edu.gt', N'NFT #35 aprobado', N'Tu NFT ha sido aprobado por el curador.', N'PENDING'),
  (102, 19, N'alejandra.leon8050@yahoo.com', N'NFT #36 aprobado', N'Tu NFT ha sido aprobado por el curador.', N'PENDING'),
  (103, 11, N'marco.vasquez610@yahoo.com', N'NFT #37 aprobado', N'Tu NFT ha sido aprobado por el curador.', N'PENDING'),
  (104, 45, N'samuel.figueroa6186@gmail.com', N'NFT #38 aprobado', N'Tu NFT ha sido aprobado por el curador.', N'PENDING'),
  (105, 42, N'laura.garcia8849@uni.edu.gt', N'NFT #39 aprobado', N'Tu NFT ha sido aprobado por el curador.', N'PENDING'),
  (106, 27, N'guillermo.vasquez6582@uni.edu.gt', N'NFT #40 rechazado', N'Tu NFT ha sido rechazado por el curador.', N'PENDING'),
  (107, 21, N'isabel.sandoval5223@gmail.com', N'NFT #41 aprobado', N'Tu NFT ha sido aprobado por el curador.', N'PENDING'),
  (108, 16, N'natalia.espinoza7732@uni.edu.gt', N'NFT #42 aprobado', N'Tu NFT ha sido aprobado por el curador.', N'PENDING'),
  (109, 42, N'laura.garcia8849@uni.edu.gt', N'NFT #43 aprobado', N'Tu NFT ha sido aprobado por el curador.', N'PENDING'),
  (110, 12, N'manuel.cruz2418@yahoo.com', N'NFT #44 aprobado', N'Tu NFT ha sido aprobado por el curador.', N'PENDING'),
  (111, 30, N'mariana.ramirez8759@uni.edu.gt', N'NFT #45 aprobado', N'Tu NFT ha sido aprobado por el curador.', N'PENDING'),
  (112, 39, N'isabel.azurdia2771@yahoo.com', N'NFT #46 aprobado', N'Tu NFT ha sido aprobado por el curador.', N'PENDING'),
  (113, 29, N'arturo.dominguez3891@uni.edu.gt', N'NFT #47 aprobado', N'Tu NFT ha sido aprobado por el curador.', N'PENDING'),
  (114, 44, N'carolina.lopez4929@yahoo.com', N'NFT #48 aprobado', N'Tu NFT ha sido aprobado por el curador.', N'PENDING'),
  (115, 43, N'paola.torres8279@outlook.com', N'NFT #49 aprobado', N'Tu NFT ha sido aprobado por el curador.', N'PENDING'),
  (116, 43, N'paola.torres8279@outlook.com', N'NFT #50 aprobado', N'Tu NFT ha sido aprobado por el curador.', N'PENDING'),
  (117, 21, N'isabel.sandoval5223@gmail.com', N'NFT #51 rechazado', N'Tu NFT ha sido rechazado por el curador.', N'PENDING'),
  (118, 21, N'isabel.sandoval5223@gmail.com', N'NFT #52 aprobado', N'Tu NFT ha sido aprobado por el curador.', N'PENDING'),
  (119, 12, N'manuel.cruz2418@yahoo.com', N'NFT #53 rechazado', N'Tu NFT ha sido rechazado por el curador.', N'PENDING'),
  (120, 29, N'arturo.dominguez3891@uni.edu.gt', N'NFT #54 aprobado', N'Tu NFT ha sido aprobado por el curador.', N'PENDING'),
  (121, 39, N'isabel.azurdia2771@yahoo.com', N'NFT #55 aprobado', N'Tu NFT ha sido aprobado por el curador.', N'PENDING'),
  (122, 45, N'samuel.figueroa6186@gmail.com', N'NFT #56 rechazado', N'Tu NFT ha sido rechazado por el curador.', N'PENDING'),
  (123, 24, N'ana.mejia483@yahoo.com', N'NFT #57 aprobado', N'Tu NFT ha sido aprobado por el curador.', N'PENDING'),
  (124, 40, N'alicia.flores4371@yahoo.com', N'NFT #58 aprobado', N'Tu NFT ha sido aprobado por el curador.', N'PENDING'),
  (125, 42, N'laura.garcia8849@uni.edu.gt', N'NFT #59 rechazado', N'Tu NFT ha sido rechazado por el curador.', N'PENDING'),
  (126, 16, N'natalia.espinoza7732@uni.edu.gt', N'NFT #60 aprobado', N'Tu NFT ha sido aprobado por el curador.', N'PENDING'),
  (127, 10, N'maria.pea3347@yahoo.com', N'NFT #61 rechazado', N'Tu NFT ha sido rechazado por el curador.', N'PENDING'),
  (128, 10, N'maria.pea3347@yahoo.com', N'NFT #62 aprobado', N'Tu NFT ha sido aprobado por el curador.', N'PENDING'),
  (129, 40, N'alicia.flores4371@yahoo.com', N'NFT #63 rechazado', N'Tu NFT ha sido rechazado por el curador.', N'PENDING'),
  (130, 43, N'paola.torres8279@outlook.com', N'NFT #64 aprobado', N'Tu NFT ha sido aprobado por el curador.', N'PENDING'),
  (131, 30, N'mariana.ramirez8759@uni.edu.gt', N'NFT #65 aprobado', N'Tu NFT ha sido aprobado por el curador.', N'PENDING'),
  (132, 10, N'maria.pea3347@yahoo.com', N'NFT #66 rechazado', N'Tu NFT ha sido rechazado por el curador.', N'PENDING'),
  (133, 11, N'marco.vasquez610@yahoo.com', N'NFT #67 aprobado', N'Tu NFT ha sido aprobado por el curador.', N'PENDING'),
  (134, 21, N'isabel.sandoval5223@gmail.com', N'NFT #68 rechazado', N'Tu NFT ha sido rechazado por el curador.', N'PENDING'),
  (135, 16, N'natalia.espinoza7732@uni.edu.gt', N'NFT #69 aprobado', N'Tu NFT ha sido aprobado por el curador.', N'PENDING'),
  (136, 12, N'manuel.cruz2418@yahoo.com', N'NFT #70 aprobado', N'Tu NFT ha sido aprobado por el curador.', N'PENDING'),
  (137, 27, N'guillermo.vasquez6582@uni.edu.gt', N'NFT #71 aprobado', N'Tu NFT ha sido aprobado por el curador.', N'PENDING'),
  (138, 43, N'paola.torres8279@outlook.com', N'NFT #74 aprobado', N'Tu NFT ha sido aprobado por el curador.', N'PENDING'),
  (139, 27, N'guillermo.vasquez6582@uni.edu.gt', N'NFT #75 aprobado', N'Tu NFT ha sido aprobado por el curador.', N'PENDING'),
  (140, 21, N'isabel.sandoval5223@gmail.com', N'NFT #76 aprobado', N'Tu NFT ha sido aprobado por el curador.', N'PENDING'),
  (141, 12, N'manuel.cruz2418@yahoo.com', N'NFT #77 aprobado', N'Tu NFT ha sido aprobado por el curador.', N'PENDING'),
  (142, 12, N'manuel.cruz2418@yahoo.com', N'NFT #78 aprobado', N'Tu NFT ha sido aprobado por el curador.', N'PENDING'),
  (143, 12, N'manuel.cruz2418@yahoo.com', N'NFT #79 aprobado', N'Tu NFT ha sido aprobado por el curador.', N'PENDING'),
  (144, 27, N'guillermo.vasquez6582@uni.edu.gt', N'NFT #80 rechazado', N'Tu NFT ha sido rechazado por el curador.', N'PENDING'),
  (145, 12, N'manuel.cruz2418@yahoo.com', N'NFT #81 rechazado', N'Tu NFT ha sido rechazado por el curador.', N'PENDING'),
  (146, 40, N'alicia.flores4371@yahoo.com', N'NFT #82 aprobado', N'Tu NFT ha sido aprobado por el curador.', N'PENDING'),
  (147, 12, N'manuel.cruz2418@yahoo.com', N'NFT #83 aprobado', N'Tu NFT ha sido aprobado por el curador.', N'PENDING'),
  (148, 27, N'guillermo.vasquez6582@uni.edu.gt', N'NFT #84 rechazado', N'Tu NFT ha sido rechazado por el curador.', N'PENDING'),
  (149, 42, N'laura.garcia8849@uni.edu.gt', N'NFT #85 rechazado', N'Tu NFT ha sido rechazado por el curador.', N'PENDING'),
  (150, 42, N'laura.garcia8849@uni.edu.gt', N'NFT #86 aprobado', N'Tu NFT ha sido aprobado por el curador.', N'PENDING'),
  (151, 30, N'mariana.ramirez8759@uni.edu.gt', N'NFT #87 aprobado', N'Tu NFT ha sido aprobado por el curador.', N'PENDING'),
  (152, 12, N'manuel.cruz2418@yahoo.com', N'NFT #88 aprobado', N'Tu NFT ha sido aprobado por el curador.', N'PENDING'),
  (153, 20, N'cristina.paredes3209@gmail.com', N'NFT #89 aprobado', N'Tu NFT ha sido aprobado por el curador.', N'PENDING'),
  (154, 32, N'arturo.cardenas6550@yahoo.com', N'NFT #91 aprobado', N'Tu NFT ha sido aprobado por el curador.', N'PENDING'),
  (155, 20, N'cristina.paredes3209@gmail.com', N'NFT #92 aprobado', N'Tu NFT ha sido aprobado por el curador.', N'PENDING'),
  (156, 44, N'carolina.lopez4929@yahoo.com', N'NFT #93 aprobado', N'Tu NFT ha sido aprobado por el curador.', N'PENDING'),
  (157, 24, N'ana.mejia483@yahoo.com', N'NFT #94 rechazado', N'Tu NFT ha sido rechazado por el curador.', N'PENDING'),
  (158, 16, N'natalia.espinoza7732@uni.edu.gt', N'NFT #95 aprobado', N'Tu NFT ha sido aprobado por el curador.', N'PENDING'),
  (159, 42, N'laura.garcia8849@uni.edu.gt', N'NFT #96 aprobado', N'Tu NFT ha sido aprobado por el curador.', N'PENDING'),
  (160, 39, N'isabel.azurdia2771@yahoo.com', N'NFT #97 aprobado', N'Tu NFT ha sido aprobado por el curador.', N'PENDING'),
  (161, 42, N'laura.garcia8849@uni.edu.gt', N'NFT #98 aprobado', N'Tu NFT ha sido aprobado por el curador.', N'PENDING'),
  (162, 10, N'maria.pea3347@yahoo.com', N'NFT #99 aprobado', N'Tu NFT ha sido aprobado por el curador.', N'PENDING'),
  (163, 11, N'marco.vasquez610@yahoo.com', N'NFT #100 rechazado', N'Tu NFT ha sido rechazado por el curador.', N'PENDING');
SET IDENTITY_INSERT [audit].[EmailOutbox] OFF;
GO
